replicate_tube,Day,temperature,infection,Algal_count
1,0.125,26,0,0
1,0.125,26,0,0
1,0.125,26,1,3
1,0.125,26,1,3
1,0.125,26,1,11
1,0.125,26,1,8
1,0.125,26,0,0
1,0.125,26,0,0
1,0.125,26,0,0
1,0.125,26,1,1
1,0.125,26,1,12
1,0.125,26,1,2
1,0.125,26,1,13
1,0.125,26,1,9
1,0.125,26,1,3
1,0.125,26,0,0
1,0.125,26,0,0
1,0.125,26,1,4
1,0.125,26,1,2
2,0.125,26,1,4
2,0.125,26,0,0
2,0.125,26,0,0
2,0.125,26,0,0
2,0.125,26,0,0
2,0.125,26,1,11
2,0.125,26,1,6
2,0.125,26,0,0
2,0.125,26,1,1
2,0.125,26,1,2
2,0.125,26,1,1
2,0.125,26,1,7
2,0.125,26,0,0
2,0.125,26,0,0
2,0.125,26,0,0
2,0.125,26,0,0
2,0.125,26,0,0
2,0.125,26,0,0
2,0.125,26,0,0
2,0.125,26,1,2
3,0.125,26,1,1
3,0.125,26,0,0
3,0.125,26,0,0
3,0.125,26,0,0
3,0.125,26,0,0
3,0.125,26,0,0
3,0.125,26,1,2
3,0.125,26,1,1
3,0.125,26,0,0
3,0.125,26,0,0
3,0.125,26,0,0
3,0.125,26,0,0
3,0.125,26,0,0
3,0.125,26,0,0
3,0.125,26,0,0
3,0.125,26,0,0
3,0.125,26,0,0
3,0.125,26,0,0
3,0.125,26,1,8
3,0.125,26,0,0
4,0.125,26,1,7
4,0.125,26,1,1
4,0.125,26,0,0
4,0.125,26,1,4
4,0.125,26,1,18
4,0.125,26,1,4
4,0.125,26,0,0
4,0.125,26,1,2
4,0.125,26,1,6
4,0.125,26,0,0
4,0.125,26,0,0
4,0.125,26,0,0
4,0.125,26,1,4
4,0.125,26,0,0
4,0.125,26,0,0
4,0.125,26,1,2
4,0.125,26,0,0
4,0.125,26,0,0
4,0.125,26,0,0
4,0.125,26,0,0
5,0.125,26,0,0
5,0.125,26,0,0
5,0.125,26,0,0
5,0.125,26,0,0
5,0.125,26,0,0
5,0.125,26,0,0
5,0.125,26,1,1
5,0.125,26,0,0
5,0.125,26,0,0
5,0.125,26,0,0
5,0.125,26,0,0
5,0.125,26,0,0
5,0.125,26,1,1
5,0.125,26,0,0
5,0.125,26,1,10
5,0.125,26,0,0
5,0.125,26,0,0
5,0.125,26,0,0
5,0.125,26,0,0
5,0.125,26,1,6
6,0.125,26,0,0
6,0.125,26,0,0
6,0.125,26,1,2
6,0.125,26,0,0
6,0.125,26,0,0
6,0.125,26,1,3
6,0.125,26,0,0
6,0.125,26,1,1
6,0.125,26,0,0
6,0.125,26,0,0
6,0.125,26,0,0
6,0.125,26,0,0
6,0.125,26,0,0
6,0.125,26,1,5
6,0.125,26,1,3
6,0.125,26,0,0
6,0.125,26,0,0
6,0.125,26,0,0
6,0.125,26,0,0
6,0.125,26,0,0
1,0.25,26,1,3
1,0.25,26,0,0
1,0.25,26,0,0
1,0.25,26,0,0
1,0.25,26,0,0
1,0.25,26,0,0
1,0.25,26,0,0
1,0.25,26,0,0
1,0.25,26,0,0
1,0.25,26,0,0
1,0.25,26,1,3
1,0.25,26,0,0
1,0.25,26,1,1
1,0.25,26,0,0
1,0.25,26,0,0
1,0.25,26,0,0
1,0.25,26,0,0
1,0.25,26,0,0
1,0.25,26,0,0
1,0.25,26,0,0
2,0.25,26,0,0
2,0.25,26,1,5
2,0.25,26,0,0
2,0.25,26,1,13
2,0.25,26,0,0
2,0.25,26,0,0
2,0.25,26,0,0
2,0.25,26,0,0
2,0.25,26,0,0
2,0.25,26,0,0
2,0.25,26,0,0
2,0.25,26,1,3
2,0.25,26,1,2
2,0.25,26,1,2
2,0.25,26,0,0
2,0.25,26,0,0
2,0.25,26,1,1
2,0.25,26,1,7
2,0.25,26,1,4
2,0.25,26,1,2
3,0.25,26,1,1
3,0.25,26,0,0
3,0.25,26,0,0
3,0.25,26,1,15
3,0.25,26,0,0
3,0.25,26,0,0
3,0.25,26,0,0
3,0.25,26,0,0
3,0.25,26,1,16
3,0.25,26,0,0
3,0.25,26,0,0
3,0.25,26,0,0
3,0.25,26,1,2
3,0.25,26,0,0
3,0.25,26,1,23
3,0.25,26,0,0
3,0.25,26,0,0
3,0.25,26,0,0
3,0.25,26,0,0
3,0.25,26,0,0
4,0.25,26,0,0
4,0.25,26,0,0
4,0.25,26,0,0
4,0.25,26,0,0
4,0.25,26,0,0
4,0.25,26,0,0
4,0.25,26,0,0
4,0.25,26,0,0
4,0.25,26,1,1
4,0.25,26,1,1
4,0.25,26,0,0
4,0.25,26,0,0
4,0.25,26,0,0
4,0.25,26,0,0
4,0.25,26,1,1
4,0.25,26,0,0
4,0.25,26,0,0
4,0.25,26,1,1
4,0.25,26,1,1
4,0.25,26,1,1
5,0.25,26,0,0
5,0.25,26,0,0
5,0.25,26,0,0
5,0.25,26,0,0
5,0.25,26,0,0
5,0.25,26,0,0
5,0.25,26,1,1
5,0.25,26,1,1
5,0.25,26,0,0
5,0.25,26,0,0
5,0.25,26,0,0
5,0.25,26,0,0
5,0.25,26,0,0
5,0.25,26,0,0
5,0.25,26,0,0
5,0.25,26,0,0
5,0.25,26,0,0
5,0.25,26,1,7
5,0.25,26,1,33
5,0.25,26,1,1
6,0.25,26,0,0
6,0.25,26,1,4
6,0.25,26,0,0
6,0.25,26,1,2
6,0.25,26,0,0
6,0.25,26,1,1
6,0.25,26,0,0
6,0.25,26,1,5
6,0.25,26,1,2
6,0.25,26,0,0
6,0.25,26,0,0
6,0.25,26,0,0
6,0.25,26,1,3
6,0.25,26,1,5
6,0.25,26,0,0
6,0.25,26,1,1
6,0.25,26,0,0
6,0.25,26,0,0
1,0.5,26,1,1
1,0.5,26,1,1
1,0.5,26,0,0
1,0.5,26,1,10
1,0.5,26,0,0
1,0.5,26,1,5
1,0.5,26,0,0
1,0.5,26,0,0
1,0.5,26,1,2
1,0.5,26,0,0
1,0.5,26,1,10
1,0.5,26,1,3
1,0.5,26,0,0
1,0.5,26,0,0
1,0.5,26,0,0
1,0.5,26,1,1
1,0.5,26,1,2
1,0.5,26,0,0
1,0.5,26,1,18
1,0.5,26,1,3
2,0.5,26,0,0
2,0.5,26,0,0
2,0.5,26,0,0
2,0.5,26,1,1
2,0.5,26,1,5
2,0.5,26,0,0
2,0.5,26,1,2
2,0.5,26,0,0
2,0.5,26,1,1
2,0.5,26,1,6
2,0.5,26,0,0
2,0.5,26,0,0
2,0.5,26,1,2
2,0.5,26,0,0
2,0.5,26,1,5
2,0.5,26,1,20
2,0.5,26,1,4
2,0.5,26,1,1
2,0.5,26,1,1
2,0.5,26,1,1
3,0.5,26,1,4
3,0.5,26,0,0
3,0.5,26,0,0
3,0.5,26,1,2
3,0.5,26,0,0
3,0.5,26,0,0
3,0.5,26,0,0
3,0.5,26,1,14
3,0.5,26,1,1
3,0.5,26,0,0
3,0.5,26,0,0
3,0.5,26,0,0
3,0.5,26,0,0
3,0.5,26,1,3
3,0.5,26,1,1
3,0.5,26,0,0
3,0.5,26,0,0
3,0.5,26,1,2
3,0.5,26,0,0
3,0.5,26,0,0
4,0.5,26,1,27
4,0.5,26,1,3
4,0.5,26,1,13
4,0.5,26,0,0
4,0.5,26,0,0
4,0.5,26,0,0
4,0.5,26,1,2
4,0.5,26,0,0
4,0.5,26,1,1
4,0.5,26,0,0
4,0.5,26,0,0
4,0.5,26,0,0
4,0.5,26,1,4
4,0.5,26,0,0
4,0.5,26,0,0
4,0.5,26,1,6
4,0.5,26,1,5
4,0.5,26,0,0
4,0.5,26,1,1
4,0.5,26,1,24
5,0.5,26,0,0
5,0.5,26,0,0
5,0.5,26,0,0
5,0.5,26,0,0
5,0.5,26,0,0
5,0.5,26,0,0
5,0.5,26,1,4
5,0.5,26,0,0
5,0.5,26,1,3
5,0.5,26,0,0
5,0.5,26,0,0
5,0.5,26,0,0
5,0.5,26,0,0
5,0.5,26,0,0
5,0.5,26,0,0
5,0.5,26,0,0
5,0.5,26,0,0
5,0.5,26,0,0
5,0.5,26,1,2
5,0.5,26,0,0
6,0.5,26,0,0
6,0.5,26,1,2
6,0.5,26,0,0
6,0.5,26,0,0
6,0.5,26,1,11
6,0.5,26,0,0
6,0.5,26,1,1
6,0.5,26,1,1
6,0.5,26,1,1
6,0.5,26,0,0
6,0.5,26,1,4
6,0.5,26,1,5
6,0.5,26,1,6
6,0.5,26,0,0
6,0.5,26,0,0
6,0.5,26,1,3
6,0.5,26,0,0
6,0.5,26,1,5
6,0.5,26,1,1
6,0.5,26,1,1
1,1,26,1,3
1,1,26,0,0
1,1,26,0,0
1,1,26,1,28
1,1,26,0,0
1,1,26,1,25
1,1,26,1,56
1,1,26,1,156
1,1,26,0,0
1,1,26,0,0
1,1,26,1,64
1,1,26,1,7
1,1,26,1,28
1,1,26,1,36
1,1,26,1,12
1,1,26,0,0
1,1,26,0,0
1,1,26,1,1
1,1,26,1,24
1,1,26,1,7
2,1,26,0,0
2,1,26,1,11
2,1,26,1,31
2,1,26,1,25
2,1,26,1,1
2,1,26,1,1
2,1,26,1,10
2,1,26,0,0
2,1,26,0,0
2,1,26,0,0
2,1,26,1,10
2,1,26,0,0
2,1,26,0,0
2,1,26,0,0
2,1,26,1,63
2,1,26,1,72
2,1,26,1,21
2,1,26,1,17
2,1,26,1,25
2,1,26,1,38
3,1,26,0,0
3,1,26,0,0
3,1,26,1,4
3,1,26,1,1
3,1,26,1,56
3,1,26,0,0
3,1,26,1,2
3,1,26,1,29
3,1,26,1,8
3,1,26,1,1
3,1,26,1,49
3,1,26,1,3
3,1,26,1,29
3,1,26,0,0
3,1,26,1,13
3,1,26,0,0
3,1,26,0,0
3,1,26,1,3
3,1,26,1,13
3,1,26,0,0
4,1,26,0,0
4,1,26,0,0
4,1,26,0,0
4,1,26,0,0
4,1,26,0,0
4,1,26,1,38
4,1,26,0,0
4,1,26,0,0
4,1,26,1,31
4,1,26,0,0
4,1,26,1,20
4,1,26,1,36
4,1,26,0,0
4,1,26,1,32
4,1,26,0,0
4,1,26,0,0
4,1,26,1,1
4,1,26,0,0
4,1,26,0,0
4,1,26,1,143
5,1,26,0,0
5,1,26,0,0
5,1,26,0,0
5,1,26,1,59
5,1,26,0,0
5,1,26,1,11
5,1,26,1,26
5,1,26,1,8
5,1,26,1,67
5,1,26,1,17
5,1,26,0,0
5,1,26,0,0
5,1,26,0,0
5,1,26,0,0
5,1,26,1,30
5,1,26,1,2
5,1,26,1,44
5,1,26,1,10
5,1,26,1,64
5,1,26,1,9
6,1,26,1,3
6,1,26,1,2
6,1,26,1,57
6,1,26,1,4
6,1,26,0,0
6,1,26,1,1
6,1,26,0,0
6,1,26,1,2
6,1,26,0,0
6,1,26,0,0
6,1,26,1,49
6,1,26,1,9
6,1,26,1,105
6,1,26,1,72
6,1,26,0,0
6,1,26,0,0
6,1,26,0,0
6,1,26,0,0
6,1,26,1,70
1,2,26,0,0
1,2,26,1,37
1,2,26,1,53
1,2,26,1,8
1,2,26,1,24
1,2,26,1,66
1,2,26,0,0
1,2,26,0,0
1,2,26,1,102
1,2,26,1,4
1,2,26,1,119
1,2,26,1,132
1,2,26,0,0
1,2,26,0,0
1,2,26,1,43
1,2,26,1,9
1,2,26,1,78
1,2,26,1,3
1,2,26,1,19
1,2,26,1,31
2,2,26,1,18
2,2,26,1,11
2,2,26,0,0
2,2,26,1,58
2,2,26,1,111
2,2,26,1,3
2,2,26,1,29
2,2,26,0,0
2,2,26,0,0
2,2,26,1,26
2,2,26,1,37
2,2,26,1,19
2,2,26,1,100
2,2,26,1,49
2,2,26,1,19
2,2,26,0,0
2,2,26,1,10
2,2,26,1,109
3,2,26,1,99
3,2,26,1,82
3,2,26,1,165
3,2,26,1,157
3,2,26,1,140
3,2,26,1,63
3,2,26,1,137
3,2,26,1,83
3,2,26,1,115
3,2,26,0,0
3,2,26,1,30
3,2,26,1,61
3,2,26,1,91
3,2,26,1,30
3,2,26,1,33
3,2,26,1,33
3,2,26,1,60
3,2,26,0,0
3,2,26,1,134
3,2,26,1,121
4,2,26,1,1
4,2,26,1,2
4,2,26,1,5
4,2,26,1,3
4,2,26,1,21
4,2,26,1,20
4,2,26,1,6
4,2,26,0,0
4,2,26,0,0
4,2,26,1,33
4,2,26,0,0
4,2,26,1,25
4,2,26,0,0
4,2,26,1,28
4,2,26,1,116
4,2,26,1,112
4,2,26,1,3
4,2,26,0,0
4,2,26,1,26
4,2,26,1,1
5,2,26,1,41
5,2,26,1,18
5,2,26,1,55
5,2,26,1,6
5,2,26,1,4
5,2,26,0,0
5,2,26,1,18
5,2,26,1,1
5,2,26,1,47
5,2,26,1,6
5,2,26,0,0
5,2,26,1,31
5,2,26,0,0
5,2,26,1,122
5,2,26,1,16
5,2,26,1,12
5,2,26,0,0
5,2,26,1,107
5,2,26,1,36
5,2,26,1,167
6,2,26,1,112
6,2,26,1,215
6,2,26,1,15
6,2,26,1,14
6,2,26,1,4
6,2,26,0,0
6,2,26,1,43
6,2,26,0,0
6,2,26,1,118
6,2,26,1,18
6,2,26,1,20
6,2,26,1,7
6,2,26,1,152
6,2,26,1,94
6,2,26,1,4
6,2,26,1,42
6,2,26,1,167
6,2,26,1,34
6,2,26,1,47
6,2,26,0,0
1,3,26,1,10
1,3,26,1,22
1,3,26,1,18
1,3,26,0,0
1,3,26,0,0
1,3,26,0,0
1,3,26,1,165
1,3,26,1,46
1,3,26,1,135
1,3,26,1,10
1,3,26,1,46
1,3,26,1,163
1,3,26,1,111
1,3,26,1,80
1,3,26,1,45
1,3,26,1,1
1,3,26,1,172
1,3,26,1,254
1,3,26,1,2
2,3,26,1,29
2,3,26,1,24
2,3,26,0,0
2,3,26,1,27
2,3,26,1,138
2,3,26,1,223
2,3,26,1,191
2,3,26,1,465
2,3,26,1,19
2,3,26,1,228
2,3,26,1,3
2,3,26,1,111
2,3,26,1,1
2,3,26,1,77
2,3,26,1,151
2,3,26,1,217
2,3,26,0,0
2,3,26,1,240
2,3,26,1,177
3,3,26,1,120
3,3,26,1,410
3,3,26,1,27
3,3,26,1,132
3,3,26,1,24
3,3,26,1,136
3,3,26,1,23
3,3,26,1,25
3,3,26,1,189
3,3,26,1,152
3,3,26,1,247
3,3,26,1,290
3,3,26,1,479
3,3,26,1,68
3,3,26,1,231
3,3,26,1,18
3,3,26,1,128
3,3,26,1,39
3,3,26,1,126
3,3,26,1,400
4,3,26,1,104
4,3,26,1,404
4,3,26,0,0
4,3,26,1,201
4,3,26,1,38
4,3,26,1,69
4,3,26,1,65
4,3,26,0,0
4,3,26,0,0
4,3,26,1,89
4,3,26,1,229
4,3,26,1,117
4,3,26,1,25
4,3,26,1,73
4,3,26,0,0
4,3,26,0,0
4,3,26,1,3
4,3,26,1,77
4,3,26,1,42
5,3,26,1,141
5,3,26,1,12
5,3,26,1,224
5,3,26,1,84
5,3,26,1,10
5,3,26,0,0
5,3,26,0,0
5,3,26,0,0
5,3,26,1,9
5,3,26,1,129
5,3,26,1,186
5,3,26,1,61
5,3,26,1,81
5,3,26,1,365
5,3,26,1,57
5,3,26,1,136
5,3,26,1,64
5,3,26,1,104
5,3,26,1,23
5,3,26,1,23
6,3,26,0,0
6,3,26,1,83
6,3,26,1,121
6,3,26,1,32
6,3,26,1,29
6,3,26,1,258
6,3,26,1,94
6,3,26,1,26
6,3,26,1,10
6,3,26,1,10
6,3,26,1,169
6,3,26,1,75
6,3,26,1,231
6,3,26,1,219
6,3,26,1,60
6,3,26,1,16
6,3,26,1,4
6,3,26,1,1
6,3,26,0,0
6,3,26,1,234
1,5,26,1,NA
1,5,26,1,NA
1,5,26,1,NA
1,5,26,1,NA
1,5,26,1,NA
1,5,26,1,NA
1,5,26,1,NA
1,5,26,1,NA
1,5,26,1,NA
1,5,26,1,NA
1,5,26,1,NA
1,5,26,1,NA
1,5,26,1,NA
1,5,26,1,NA
1,5,26,1,NA
1,5,26,1,NA
1,5,26,1,NA
1,5,26,1,NA
1,5,26,1,NA
1,5,26,1,NA
2,5,26,0,NA
2,5,26,0,NA
2,5,26,1,NA
2,5,26,1,NA
2,5,26,1,NA
2,5,26,1,NA
2,5,26,1,NA
2,5,26,1,NA
2,5,26,1,NA
2,5,26,1,NA
2,5,26,1,NA
2,5,26,1,NA
2,5,26,1,NA
2,5,26,1,NA
2,5,26,1,NA
2,5,26,1,NA
2,5,26,1,NA
2,5,26,1,NA
2,5,26,1,NA
2,5,26,1,NA
3,5,26,0,NA
3,5,26,1,NA
3,5,26,1,NA
3,5,26,1,NA
3,5,26,1,NA
3,5,26,1,NA
3,5,26,1,NA
3,5,26,1,NA
3,5,26,1,NA
3,5,26,1,NA
3,5,26,1,NA
3,5,26,1,NA
3,5,26,1,NA
3,5,26,1,NA
3,5,26,1,NA
3,5,26,1,NA
3,5,26,1,NA
3,5,26,1,NA
3,5,26,1,NA
4,5,26,0,NA
4,5,26,0,NA
4,5,26,1,NA
4,5,26,1,NA
4,5,26,1,NA
4,5,26,1,NA
4,5,26,1,NA
4,5,26,1,NA
4,5,26,1,NA
4,5,26,1,NA
4,5,26,1,NA
4,5,26,1,NA
4,5,26,1,NA
4,5,26,1,NA
4,5,26,1,NA
4,5,26,1,NA
4,5,26,1,NA
4,5,26,1,NA
4,5,26,1,NA
4,5,26,1,NA
5,5,26,1,NA
5,5,26,1,NA
5,5,26,1,NA
5,5,26,1,NA
5,5,26,1,NA
5,5,26,1,NA
5,5,26,1,NA
5,5,26,1,NA
5,5,26,1,NA
5,5,26,1,NA
5,5,26,1,NA
5,5,26,1,NA
5,5,26,1,NA
5,5,26,1,NA
5,5,26,1,NA
5,5,26,1,NA
5,5,26,1,NA
5,5,26,1,NA
5,5,26,1,NA
5,5,26,1,NA
6,5,26,0,NA
6,5,26,0,NA
6,5,26,0,NA
6,5,26,1,NA
6,5,26,1,NA
6,5,26,1,NA
6,5,26,1,NA
6,5,26,1,NA
6,5,26,1,NA
6,5,26,1,NA
6,5,26,1,NA
6,5,26,1,NA
6,5,26,1,NA
6,5,26,1,NA
6,5,26,1,NA
6,5,26,1,NA
6,5,26,1,NA
6,5,26,1,NA
6,5,26,1,NA
6,5,26,1,NA
1,7,26,1,3
1,7,26,1,39
1,7,26,1,363
1,7,26,1,629
1,7,26,1,587
1,7,26,1,355
1,7,26,1,676
1,7,26,1,467
1,7,26,1,1335
1,7,26,1,399
1,7,26,1,1034
1,7,26,1,620
1,7,26,1,139
1,7,26,1,382
1,7,26,1,18
1,7,26,1,316
1,7,26,1,34
1,7,26,1,354
1,7,26,1,40
1,7,26,1,221
2,7,26,1,NA
2,7,26,1,NA
2,7,26,1,NA
2,7,26,1,NA
2,7,26,1,140
2,7,26,1,NA
2,7,26,1,NA
2,7,26,1,63
2,7,26,1,155
2,7,26,1,236
2,7,26,1,NA
2,7,26,1,770
2,7,26,1,NA
2,7,26,1,NA
2,7,26,1,NA
2,7,26,0,0
2,7,26,1,16
2,7,26,1,NA
2,7,26,0,0
2,7,26,0,0
3,7,26,1,NA
3,7,26,1,1358
3,7,26,1,343
3,7,26,1,NA
3,7,26,1,960
3,7,26,1,NA
3,7,26,1,NA
3,7,26,1,46
3,7,26,1,497
3,7,26,1,NA
3,7,26,1,NA
3,7,26,1,89
3,7,26,1,138
3,7,26,1,NA
3,7,26,0,0
3,7,26,1,NA
3,7,26,1,NA
3,7,26,1,NA
3,7,26,1,NA
3,7,26,1,NA
4,7,26,1,NA
4,7,26,1,6
4,7,26,1,NA
4,7,26,1,16
4,7,26,1,NA
4,7,26,0,0
4,7,26,1,NA
4,7,26,1,110
4,7,26,1,NA
4,7,26,1,22
4,7,26,1,NA
4,7,26,1,NA
4,7,26,1,NA
4,7,26,1,7
4,7,26,1,54
4,7,26,1,NA
4,7,26,1,NA
4,7,26,1,NA
4,7,26,1,NA
4,7,26,1,56
5,7,26,1,632
5,7,26,1,NA
5,7,26,1,77
5,7,26,1,NA
5,7,26,1,265
5,7,26,1,NA
5,7,26,1,NA
5,7,26,1,NA
5,7,26,1,NA
5,7,26,1,NA
5,7,26,1,NA
5,7,26,0,0
5,7,26,1,NA
5,7,26,1,NA
5,7,26,0,0
5,7,26,1,NA
5,7,26,1,NA
5,7,26,1,NA
5,7,26,1,NA
5,7,26,1,590
6,7,26,1,NA
6,7,26,1,753
6,7,26,1,NA
6,7,26,1,NA
6,7,26,1,NA
6,7,26,1,NA
6,7,26,1,NA
6,7,26,1,NA
6,7,26,1,NA
6,7,26,1,742
6,7,26,1,203
6,7,26,1,NA
6,7,26,1,11
6,7,26,1,302
6,7,26,1,NA
6,7,26,1,NA
6,7,26,1,NA
6,7,26,1,NA
6,7,26,1,NA
6,7,26,0,0
1,14,26,1,NA
1,14,26,1,NA
1,14,26,1,NA
1,14,26,1,NA
1,14,26,1,1134
1,14,26,1,NA
1,14,26,1,NA
1,14,26,0,0
1,14,26,1,NA
1,14,26,1,1623
1,14,26,1,NA
1,14,26,1,NA
1,14,26,1,912
1,14,26,1,NA
1,14,26,1,NA
1,14,26,1,NA
1,14,26,1,NA
1,14,26,0,0
1,14,26,1,NA
1,14,26,1,NA
2,14,26,1,NA
2,14,26,1,NA
2,14,26,1,2368
2,14,26,1,NA
2,14,26,1,NA
2,14,26,1,NA
2,14,26,1,NA
2,14,26,1,NA
2,14,26,0,0
2,14,26,1,NA
2,14,26,1,NA
2,14,26,1,NA
2,14,26,1,NA
2,14,26,0,0
2,14,26,1,NA
2,14,26,1,62
2,14,26,1,NA
2,14,26,1,NA
2,14,26,1,1323
2,14,26,1,NA
3,14,26,1,NA
3,14,26,1,NA
3,14,26,1,1161
3,14,26,1,NA
3,14,26,1,NA
3,14,26,1,NA
3,14,26,1,NA
3,14,26,1,NA
3,14,26,1,NA
3,14,26,1,1612
3,14,26,0,0
3,14,26,1,971
3,14,26,1,NA
3,14,26,1,923
3,14,26,1,NA
3,14,26,1,NA
3,14,26,1,NA
4,14,26,1,NA
4,14,26,1,NA
4,14,26,1,NA
4,14,26,1,NA
4,14,26,1,NA
4,14,26,1,NA
4,14,26,1,NA
4,14,26,1,NA
4,14,26,1,NA
4,14,26,1,NA
4,14,26,1,NA
4,14,26,1,NA
4,14,26,1,402
4,14,26,1,NA
4,14,26,1,NA
4,14,26,1,1683
4,14,26,1,3
4,14,26,1,NA
4,14,26,1,NA
4,14,26,1,NA
5,14,26,1,NA
5,14,26,1,NA
5,14,26,1,NA
5,14,26,1,NA
5,14,26,1,726
5,14,26,1,NA
5,14,26,1,NA
5,14,26,1,NA
5,14,26,1,NA
5,14,26,1,NA
5,14,26,1,NA
5,14,26,1,879
5,14,26,1,NA
5,14,26,1,210
5,14,26,1,NA
5,14,26,1,1327
5,14,26,1,NA
5,14,26,1,NA
6,14,26,1,NA
6,14,26,1,NA
6,14,26,1,NA
6,14,26,1,NA
6,14,26,1,NA
6,14,26,1,1717
6,14,26,1,NA
6,14,26,1,1388
6,14,26,1,NA
6,14,26,1,NA
6,14,26,1,NA
6,14,26,1,170
6,14,26,1,NA
6,14,26,1,NA
6,14,26,1,NA
6,14,26,1,NA
6,14,26,1,1169
6,14,26,1,NA
6,14,26,1,NA
6,14,26,0,0
7,0.125,32,0,0
7,0.125,32,0,0
7,0.125,32,0,0
7,0.125,32,0,0
7,0.125,32,0,0
7,0.125,32,0,0
7,0.125,32,0,0
7,0.125,32,0,0
7,0.125,32,1,1
7,0.125,32,1,3
7,0.125,32,0,0
7,0.125,32,0,0
7,0.125,32,0,0
7,0.125,32,0,0
7,0.125,32,0,0
7,0.125,32,0,0
7,0.125,32,0,0
7,0.125,32,1,1
7,0.125,32,0,0
7,0.125,32,0,0
8,0.125,32,0,0
8,0.125,32,0,0
8,0.125,32,0,0
8,0.125,32,0,0
8,0.125,32,0,0
8,0.125,32,0,0
8,0.125,32,0,0
8,0.125,32,0,0
8,0.125,32,0,0
8,0.125,32,0,0
8,0.125,32,0,0
8,0.125,32,0,0
8,0.125,32,0,0
8,0.125,32,0,0
8,0.125,32,1,3
8,0.125,32,1,2
8,0.125,32,0,0
8,0.125,32,0,0
8,0.125,32,0,0
8,0.125,32,1,2
9,0.125,32,0,0
9,0.125,32,0,0
9,0.125,32,1,1
9,0.125,32,0,0
9,0.125,32,0,0
9,0.125,32,0,0
9,0.125,32,0,0
9,0.125,32,0,0
9,0.125,32,0,0
9,0.125,32,0,0
9,0.125,32,0,0
9,0.125,32,1,2
9,0.125,32,0,0
9,0.125,32,0,0
9,0.125,32,0,0
9,0.125,32,0,0
9,0.125,32,0,0
9,0.125,32,0,0
9,0.125,32,0,0
9,0.125,32,0,0
10,0.125,32,1,4
10,0.125,32,0,0
10,0.125,32,0,0
10,0.125,32,0,0
10,0.125,32,1,1
10,0.125,32,0,0
10,0.125,32,0,0
10,0.125,32,0,0
10,0.125,32,0,0
10,0.125,32,1,6
10,0.125,32,0,0
10,0.125,32,0,0
10,0.125,32,0,0
10,0.125,32,0,0
10,0.125,32,1,2
10,0.125,32,0,0
10,0.125,32,1,15
10,0.125,32,0,0
10,0.125,32,0,0
11,0.125,32,0,0
11,0.125,32,0,0
11,0.125,32,0,0
11,0.125,32,0,0
11,0.125,32,0,0
11,0.125,32,0,0
11,0.125,32,0,0
11,0.125,32,0,0
11,0.125,32,1,5
11,0.125,32,1,2
11,0.125,32,0,0
11,0.125,32,0,0
11,0.125,32,0,0
11,0.125,32,0,0
11,0.125,32,0,0
11,0.125,32,1,2
11,0.125,32,0,0
11,0.125,32,0,0
11,0.125,32,0,0
11,0.125,32,0,0
12,0.125,32,0,0
12,0.125,32,0,0
12,0.125,32,1,6
12,0.125,32,0,0
12,0.125,32,0,0
12,0.125,32,0,0
12,0.125,32,0,0
12,0.125,32,1,4
12,0.125,32,0,0
12,0.125,32,0,0
12,0.125,32,0,0
12,0.125,32,0,0
12,0.125,32,0,0
12,0.125,32,1,2
12,0.125,32,0,0
12,0.125,32,1,7
12,0.125,32,0,0
12,0.125,32,0,0
12,0.125,32,0,0
12,0.125,32,0,0
7,0.25,32,1,3
7,0.25,32,0,0
7,0.25,32,1,3
7,0.25,32,0,0
7,0.25,32,0,0
7,0.25,32,0,0
7,0.25,32,1,1
7,0.25,32,0,0
7,0.25,32,0,0
7,0.25,32,0,0
7,0.25,32,1,1
7,0.25,32,1,11
7,0.25,32,0,0
7,0.25,32,0,0
7,0.25,32,1,2
7,0.25,32,0,0
7,0.25,32,1,11
7,0.25,32,1,1
7,0.25,32,1,7
7,0.25,32,0,0
8,0.25,32,1,2
8,0.25,32,1,18
8,0.25,32,1,3
8,0.25,32,1,35
8,0.25,32,0,0
8,0.25,32,1,4
8,0.25,32,0,0
8,0.25,32,0,0
8,0.25,32,1,2
8,0.25,32,1,7
8,0.25,32,1,19
8,0.25,32,1,5
8,0.25,32,1,4
8,0.25,32,1,20
8,0.25,32,1,3
8,0.25,32,0,0
8,0.25,32,0,0
8,0.25,32,0,0
8,0.25,32,1,6
8,0.25,32,0,0
9,0.25,32,1,1
9,0.25,32,0,0
9,0.25,32,1,5
9,0.25,32,1,2
9,0.25,32,0,0
9,0.25,32,1,5
9,0.25,32,0,0
9,0.25,32,0,0
9,0.25,32,0,0
9,0.25,32,1,46
9,0.25,32,0,0
9,0.25,32,0,0
9,0.25,32,1,8
9,0.25,32,1,6
9,0.25,32,0,0
9,0.25,32,1,2
9,0.25,32,1,3
9,0.25,32,0,0
9,0.25,32,0,0
9,0.25,32,0,0
10,0.25,32,0,0
10,0.25,32,0,0
10,0.25,32,0,0
10,0.25,32,0,0
10,0.25,32,0,0
10,0.25,32,0,0
10,0.25,32,0,0
10,0.25,32,1,15
10,0.25,32,1,21
10,0.25,32,1,13
10,0.25,32,0,0
10,0.25,32,1,1
10,0.25,32,0,0
10,0.25,32,1,2
10,0.25,32,0,0
10,0.25,32,0,0
10,0.25,32,1,5
10,0.25,32,0,0
11,0.25,32,0,0
11,0.25,32,0,0
11,0.25,32,0,0
11,0.25,32,0,0
11,0.25,32,0,0
11,0.25,32,0,0
11,0.25,32,0,0
11,0.25,32,0,0
11,0.25,32,0,0
11,0.25,32,0,0
11,0.25,32,0,0
11,0.25,32,0,0
11,0.25,32,1,15
11,0.25,32,1,3
11,0.25,32,0,0
11,0.25,32,0,0
11,0.25,32,0,0
11,0.25,32,1,13
11,0.25,32,0,0
12,0.25,32,0,0
12,0.25,32,0,0
12,0.25,32,0,0
12,0.25,32,0,0
12,0.25,32,1,12
12,0.25,32,0,0
12,0.25,32,0,0
12,0.25,32,1,3
12,0.25,32,1,3
12,0.25,32,0,0
12,0.25,32,0,0
12,0.25,32,1,1
12,0.25,32,0,0
12,0.25,32,0,0
12,0.25,32,0,0
12,0.25,32,0,0
12,0.25,32,0,0
12,0.25,32,0,0
12,0.25,32,0,0
12,0.25,32,1,2
7,0.5,32,0,0
7,0.5,32,1,4
7,0.5,32,1,1
7,0.5,32,0,0
7,0.5,32,1,6
7,0.5,32,0,0
7,0.5,32,1,13
7,0.5,32,1,1
7,0.5,32,0,0
7,0.5,32,0,0
7,0.5,32,0,0
7,0.5,32,0,0
7,0.5,32,0,0
7,0.5,32,0,0
7,0.5,32,0,0
7,0.5,32,1,2
7,0.5,32,1,2
7,0.5,32,0,0
7,0.5,32,0,0
7,0.5,32,1,1
8,0.5,32,1,7
8,0.5,32,1,8
8,0.5,32,1,1
8,0.5,32,0,0
8,0.5,32,1,3
8,0.5,32,1,11
8,0.5,32,0,0
8,0.5,32,0,0
8,0.5,32,0,0
8,0.5,32,1,9
8,0.5,32,1,5
8,0.5,32,0,0
8,0.5,32,1,4
8,0.5,32,1,18
8,0.5,32,0,0
8,0.5,32,1,7
8,0.5,32,1,9
8,0.5,32,0,0
8,0.5,32,0,0
8,0.5,32,0,0
9,0.5,32,1,3
9,0.5,32,1,4
9,0.5,32,0,0
9,0.5,32,1,2
9,0.5,32,1,2
9,0.5,32,0,0
9,0.5,32,0,0
9,0.5,32,0,0
9,0.5,32,1,1
9,0.5,32,1,27
9,0.5,32,1,6
9,0.5,32,0,0
9,0.5,32,1,2
9,0.5,32,1,24
9,0.5,32,1,17
9,0.5,32,1,3
9,0.5,32,1,7
9,0.5,32,0,0
9,0.5,32,0,0
9,0.5,32,1,5
10,0.5,32,1,2
10,0.5,32,0,0
10,0.5,32,1,10
10,0.5,32,0,0
10,0.5,32,0,0
10,0.5,32,0,0
10,0.5,32,1,1
10,0.5,32,0,0
10,0.5,32,1,7
10,0.5,32,1,22
10,0.5,32,1,3
10,0.5,32,0,0
10,0.5,32,0,0
10,0.5,32,1,2
10,0.5,32,1,4
10,0.5,32,1,4
10,0.5,32,0,0
10,0.5,32,1,1
10,0.5,32,0,0
10,0.5,32,1,4
11,0.5,32,1,6
11,0.5,32,1,7
11,0.5,32,1,4
11,0.5,32,0,0
11,0.5,32,0,0
11,0.5,32,1,1
11,0.5,32,1,1
11,0.5,32,0,0
11,0.5,32,1,3
11,0.5,32,1,4
11,0.5,32,1,4
11,0.5,32,1,4
11,0.5,32,0,0
11,0.5,32,0,0
11,0.5,32,0,0
11,0.5,32,1,3
11,0.5,32,0,0
11,0.5,32,1,3
11,0.5,32,1,8
11,0.5,32,0,0
12,0.5,32,1,22
12,0.5,32,0,0
12,0.5,32,1,2
12,0.5,32,1,2
12,0.5,32,0,0
12,0.5,32,1,26
12,0.5,32,0,0
12,0.5,32,0,0
12,0.5,32,0,0
12,0.5,32,0,0
7,1,32,0,0
7,1,32,1,11
7,1,32,0,0
7,1,32,1,2
7,1,32,1,1
7,1,32,0,0
7,1,32,1,2
7,1,32,1,1
7,1,32,1,5
7,1,32,1,5
7,1,32,1,9
7,1,32,0,0
7,1,32,1,21
7,1,32,0,0
7,1,32,0,0
7,1,32,1,1
7,1,32,1,12
7,1,32,0,0
7,1,32,0,0
7,1,32,0,0
8,1,32,0,0
8,1,32,0,0
8,1,32,1,2
8,1,32,0,0
8,1,32,0,0
8,1,32,1,17
8,1,32,1,14
8,1,32,0,0
8,1,32,1,8
8,1,32,1,2
8,1,32,0,0
8,1,32,0,0
8,1,32,1,6
8,1,32,1,1
8,1,32,0,0
8,1,32,1,11
8,1,32,1,7
8,1,32,1,5
8,1,32,1,32
8,1,32,0,0
9,1,32,0,0
9,1,32,1,10
9,1,32,0,0
9,1,32,1,3
9,1,32,1,25
9,1,32,0,0
9,1,32,1,3
9,1,32,1,1
9,1,32,0,0
9,1,32,0,0
9,1,32,1,2
9,1,32,0,0
9,1,32,0,0
9,1,32,0,0
9,1,32,0,0
9,1,32,0,0
9,1,32,1,1
9,1,32,0,0
9,1,32,0,0
9,1,32,0,0
10,1,32,0,0
10,1,32,0,0
10,1,32,1,1
10,1,32,1,5
10,1,32,0,0
10,1,32,1,4
10,1,32,0,0
10,1,32,0,0
10,1,32,0,0
10,1,32,1,1
10,1,32,0,0
10,1,32,0,0
10,1,32,0,0
10,1,32,1,1
10,1,32,0,0
10,1,32,1,1
10,1,32,0,0
10,1,32,0,0
10,1,32,1,15
11,1,32,1,6
11,1,32,0,0
11,1,32,0,0
11,1,32,0,0
11,1,32,0,0
11,1,32,1,4
11,1,32,0,0
11,1,32,1,12
11,1,32,0,0
11,1,32,0,0
11,1,32,1,1
11,1,32,1,5
11,1,32,1,14
11,1,32,1,1
11,1,32,1,1
11,1,32,0,0
11,1,32,1,3
11,1,32,1,9
11,1,32,1,6
11,1,32,1,5
12,1,32,1,2
12,1,32,1,10
12,1,32,1,1
12,1,32,1,8
12,1,32,0,0
12,1,32,1,3
12,1,32,0,0
12,1,32,1,3
12,1,32,0,0
12,1,32,1,17
7,2,32,0,0
7,2,32,1,5
7,2,32,1,5
7,2,32,0,0
7,2,32,1,6
7,2,32,1,1
7,2,32,0,0
7,2,32,1,8
7,2,32,1,1
7,2,32,0,0
7,2,32,1,8
7,2,32,1,20
7,2,32,0,0
7,2,32,0,0
7,2,32,0,0
7,2,32,0,0
7,2,32,0,0
7,2,32,0,0
7,2,32,0,0
7,2,32,1,1
8,2,32,0,0
8,2,32,0,0
8,2,32,1,5
8,2,32,1,6
8,2,32,1,3
8,2,32,0,0
8,2,32,1,5
8,2,32,0,0
8,2,32,0,0
8,2,32,1,4
8,2,32,0,0
8,2,32,1,3
8,2,32,0,0
8,2,32,0,0
8,2,32,0,0
8,2,32,0,0
8,2,32,0,0
8,2,32,0,0
9,2,32,1,6
9,2,32,0,0
9,2,32,0,0
9,2,32,0,0
9,2,32,1,1
9,2,32,0,0
9,2,32,1,9
9,2,32,1,3
9,2,32,0,0
9,2,32,1,9
9,2,32,1,59
9,2,32,1,27
9,2,32,1,7
9,2,32,1,2
9,2,32,1,7
9,2,32,0,0
9,2,32,1,7
9,2,32,0,0
9,2,32,0,0
9,2,32,0,0
10,2,32,1,3
10,2,32,0,0
10,2,32,1,2
10,2,32,0,0
10,2,32,1,1
10,2,32,0,0
10,2,32,1,2
10,2,32,1,1
10,2,32,0,0
10,2,32,0,0
10,2,32,0,0
10,2,32,1,17
10,2,32,1,15
10,2,32,1,11
10,2,32,1,23
10,2,32,1,7
10,2,32,1,12
10,2,32,1,16
10,2,32,1,10
10,2,32,0,0
11,2,32,0,0
11,2,32,0,0
11,2,32,0,0
11,2,32,1,4
11,2,32,1,8
11,2,32,0,0
11,2,32,1,5
11,2,32,1,4
11,2,32,0,0
11,2,32,0,0
11,2,32,1,13
11,2,32,1,4
11,2,32,0,0
11,2,32,0,0
11,2,32,1,2
11,2,32,1,2
11,2,32,0,0
11,2,32,0,0
11,2,32,1,7
11,2,32,1,0
12,2,32,1,33
12,2,32,1,13
12,2,32,0,0
12,2,32,1,5
12,2,32,1,36
12,2,32,0,0
12,2,32,1,13
12,2,32,1,1
12,2,32,1,38
12,2,32,0,0
7,3,32,1,7
7,3,32,0,0
7,3,32,0,0
7,3,32,1,1
7,3,32,1,22
7,3,32,0,0
7,3,32,1,5
7,3,32,0,0
7,3,32,0,0
7,3,32,1,6
7,3,32,1,48
7,3,32,1,6
7,3,32,1,1
7,3,32,1,3
7,3,32,1,2
7,3,32,1,25
7,3,32,1,19
7,3,32,0,0
7,3,32,0,0
7,3,32,0,0
8,3,32,0,0
8,3,32,0,0
8,3,32,1,38
8,3,32,0,0
8,3,32,1,19
8,3,32,1,4
8,3,32,0,0
8,3,32,0,0
8,3,32,0,0
8,3,32,0,0
8,3,32,1,3
8,3,32,1,19
8,3,32,0,0
8,3,32,1,5
8,3,32,1,11
8,3,32,1,4
8,3,32,1,14
8,3,32,0,0
8,3,32,0,0
9,3,32,0,0
9,3,32,0,0
9,3,32,0,0
9,3,32,0,0
9,3,32,0,0
9,3,32,0,0
9,3,32,0,0
9,3,32,1,2
9,3,32,0,0
9,3,32,0,0
9,3,32,1,6
9,3,32,0,0
9,3,32,1,1
9,3,32,1,6
9,3,32,0,0
9,3,32,0,0
9,3,32,1,2
9,3,32,1,5
9,3,32,0,0
9,3,32,1,6
10,3,32,1,10
10,3,32,0,0
10,3,32,1,2
10,3,32,0,0
10,3,32,0,0
10,3,32,0,0
10,3,32,1,2
10,3,32,1,3
10,3,32,1,11
10,3,32,1,2
10,3,32,1,24
10,3,32,1,4
10,3,32,0,0
10,3,32,1,3
10,3,32,1,10
10,3,32,0,0
10,3,32,1,10
10,3,32,0,0
10,3,32,1,14
10,3,32,0,0
11,3,32,1,2
11,3,32,1,4
11,3,32,1,11
11,3,32,1,5
11,3,32,0,0
11,3,32,0,0
11,3,32,0,0
11,3,32,1,2
11,3,32,1,40
11,3,32,1,5
11,3,32,1,1
11,3,32,0,0
11,3,32,0,0
11,3,32,0,0
11,3,32,0,0
11,3,32,1,12
11,3,32,1,2
11,3,32,0,0
11,3,32,1,5
12,3,32,1,24
12,3,32,1,15
12,3,32,1,11
12,3,32,0,0
12,3,32,1,6
12,3,32,0,0
12,3,32,1,58
12,3,32,1,2
12,3,32,0,0
12,3,32,1,35
7,5,32,1,25
7,5,32,1,2
7,5,32,1,19
7,5,32,1,28
7,5,32,0,0
7,5,32,1,1
7,5,32,0,0
7,5,32,0,0
7,5,32,0,0
7,5,32,0,0
7,5,32,0,0
7,5,32,1,36
7,5,32,1,15
7,5,32,0,0
7,5,32,0,0
7,5,32,1,4
7,5,32,0,0
7,5,32,0,0
7,5,32,1,27
7,5,32,1,26
8,5,32,1,12
8,5,32,0,0
8,5,32,1,51
8,5,32,1,16
8,5,32,1,10
8,5,32,1,2
8,5,32,0,0
8,5,32,0,0
8,5,32,0,0
8,5,32,1,3
8,5,32,0,0
8,5,32,1,1
8,5,32,1,17
8,5,32,1,9
8,5,32,1,13
8,5,32,0,0
8,5,32,0,0
8,5,32,0,0
8,5,32,1,5
8,5,32,0,0
9,5,32,0,0
9,5,32,1,4
9,5,32,0,0
9,5,32,1,12
9,5,32,1,3
9,5,32,0,0
9,5,32,1,5
9,5,32,0,0
9,5,32,0,0
9,5,32,1,15
9,5,32,0,0
9,5,32,0,0
9,5,32,0,0
9,5,32,1,1
9,5,32,1,9
9,5,32,0,0
9,5,32,0,0
9,5,32,0,0
9,5,32,0,0
9,5,32,0,0
10,5,32,0,0
10,5,32,1,5
10,5,32,1,1
10,5,32,1,8
10,5,32,1,14
10,5,32,0,0
10,5,32,0,0
10,5,32,0,0
10,5,32,1,3
10,5,32,0,0
10,5,32,1,3
10,5,32,0,0
10,5,32,0,0
10,5,32,1,2
10,5,32,0,0
10,5,32,0,0
10,5,32,1,42
10,5,32,1,6
10,5,32,1,16
11,5,32,1,8
11,5,32,1,11
11,5,32,0,0
11,5,32,1,8
11,5,32,1,2
11,5,32,0,0
11,5,32,0,0
11,5,32,0,0
11,5,32,0,0
11,5,32,1,6
11,5,32,1,17
11,5,32,1,2
11,5,32,1,15
11,5,32,1,7
11,5,32,1,5
11,5,32,0,0
11,5,32,1,10
11,5,32,1,6
11,5,32,1,15
11,5,32,1,5
12,5,32,1,66
12,5,32,0,0
12,5,32,0,0
12,5,32,1,5
12,5,32,0,0
12,5,32,1,1
12,5,32,0,0
12,5,32,1,27
12,5,32,0,0
12,5,32,0,0
7,7,32,1,11
7,7,32,1,2
7,7,32,1,9
7,7,32,0,0
7,7,32,1,31
7,7,32,1,7
7,7,32,1,3
7,7,32,0,0
7,7,32,1,6
7,7,32,1,37
7,7,32,1,47
7,7,32,1,63
7,7,32,1,7
7,7,32,0,0
7,7,32,0,0
7,7,32,1,10
7,7,32,1,28
7,7,32,1,9
7,7,32,0,0
7,7,32,0,0
8,7,32,0,0
8,7,32,1,2
8,7,32,1,1
8,7,32,1,32
8,7,32,0,0
8,7,32,1,8
8,7,32,1,12
8,7,32,1,3
8,7,32,1,1
8,7,32,1,19
8,7,32,1,3
8,7,32,1,127
8,7,32,1,30
8,7,32,1,24
8,7,32,1,80
8,7,32,1,11
8,7,32,1,22
8,7,32,0,0
8,7,32,1,5
8,7,32,1,28
9,7,32,0,0
9,7,32,0,0
9,7,32,1,27
9,7,32,1,2
9,7,32,1,14
9,7,32,1,31
9,7,32,1,1
9,7,32,0,0
9,7,32,1,3
9,7,32,1,6
9,7,32,1,5
9,7,32,0,0
9,7,32,0,0
9,7,32,0,0
9,7,32,1,1
9,7,32,0,0
9,7,32,0,0
9,7,32,1,3
9,7,32,1,13
9,7,32,1,2
10,7,32,0,0
10,7,32,1,11
10,7,32,1,53
10,7,32,0,0
10,7,32,0,0
10,7,32,0,0
10,7,32,1,2
10,7,32,1,3
10,7,32,1,64
10,7,32,1,8
10,7,32,1,9
10,7,32,0,0
10,7,32,1,2
10,7,32,0,0
10,7,32,0,0
10,7,32,1,12
10,7,32,1,2
10,7,32,1,43
10,7,32,0,0
10,7,32,1,9
11,7,32,0,0
11,7,32,0,0
11,7,32,1,1
11,7,32,1,18
11,7,32,1,52
11,7,32,0,0
11,7,32,1,17
11,7,32,1,10
11,7,32,1,19
11,7,32,0,0
11,7,32,0,0
11,7,32,0,0
11,7,32,0,0
11,7,32,1,49
11,7,32,0,0
11,7,32,0,0
11,7,32,0,0
11,7,32,1,1
11,7,32,1,4
11,7,32,0,0
12,7,32,0,0
12,7,32,1,70
12,7,32,0,0
12,7,32,0,0
12,7,32,0,0
12,7,32,0,0
12,7,32,0,0
12,7,32,0,0
12,7,32,0,0
12,7,32,0,0
7,14,32,0,0
7,14,32,0,0
7,14,32,0,0
7,14,32,1,4
7,14,32,0,0
7,14,32,0,0
7,14,32,0,0
7,14,32,1,19
7,14,32,1,28
7,14,32,0,0
7,14,32,0,0
7,14,32,1,7
7,14,32,0,0
7,14,32,1,4
7,14,32,1,46
7,14,32,1,28
7,14,32,1,52
7,14,32,0,0
7,14,32,1,6
7,14,32,0,5
8,14,32,0,0
8,14,32,1,2
8,14,32,0,0
8,14,32,0,0
8,14,32,1,4
8,14,32,1,8
8,14,32,1,14
8,14,32,0,0
8,14,32,1,9
8,14,32,0,0
8,14,32,0,0
8,14,32,1,7
8,14,32,0,0
8,14,32,0,0
8,14,32,0,0
8,14,32,1,10
8,14,32,1,25
8,14,32,1,38
8,14,32,0,0
8,14,32,1,8
9,14,32,1,8
9,14,32,0,0
9,14,32,0,0
9,14,32,1,24
9,14,32,1,10
9,14,32,1,1
9,14,32,0,0
9,14,32,0,0
9,14,32,1,7
9,14,32,1,6
9,14,32,0,0
9,14,32,0,0
9,14,32,0,0
9,14,32,1,2
9,14,32,1,5
9,14,32,0,0
9,14,32,0,0
9,14,32,1,6
9,14,32,0,0
9,14,32,0,0
10,14,32,1,16
10,14,32,0,0
10,14,32,1,26
10,14,32,1,30
10,14,32,1,9
10,14,32,0,0
10,14,32,1,14
10,14,32,1,3
10,14,32,1,26
10,14,32,1,5
10,14,32,1,13
10,14,32,0,0
10,14,32,1,38
10,14,32,1,23
10,14,32,0,0
10,14,32,1,1
10,14,32,1,8
10,14,32,0,0
10,14,32,0,0
10,14,32,1,3
11,14,32,1,13
11,14,32,1,10
11,14,32,1,3
11,14,32,1,3
11,14,32,0,0
11,14,32,0,0
11,14,32,1,10
11,14,32,0,0
11,14,32,1,12
11,14,32,1,22
11,14,32,1,2
11,14,32,1,10
11,14,32,1,8
11,14,32,0,0
11,14,32,1,5
11,14,32,0,0
11,14,32,1,6
11,14,32,1,14
11,14,32,0,0
11,14,32,1,4
12,14,32,1,5
12,14,32,0,0
12,14,32,0,0
12,14,32,0,0
12,14,32,0,0
12,14,32,1,24
12,14,32,0,0
12,14,32,0,0
12,14,32,0,0
12,14,32,0,0
12,14,32,0,0
12,14,32,0,0
12,14,32,0,0
12,14,32,0,0
12,14,32,0,0
12,14,32,0,0
12,14,32,1,20
12,14,32,0,0
12,14,32,0,0
12,14,32,1,11
