Name,CL.1d_log2,AH.1d_log2,CL.3d_log2,AH.3d_log2
aug_v2a.11165,-0.571582185,-1.845019575,NA,-0.842144071
aug_v2a.22557,NA,-1.761774755,-0.985598891,NA
aug_v2a.10489,NA,-1.677773542,-0.815432489,NA
aug_v2a.02144,-0.490898513,-1.445232375,-0.536026454,-1.057685122
aug_v2a.06964,NA,-1.298965812,-0.921722974,-0.867607941
aug_v2a.17451,-0.398289679,-1.28269937,NA,-1.020273283
aug_v2a.21839,-0.620017276,-1.282289776,NA,-1.039790195
aug_v2a.17481,NA,-1.259023289,-0.697620981,NA
aug_v2a.23481,NA,-1.252949784,-0.752569847,NA
aug_v2a.00800,-0.584835308,-1.213778316,NA,-0.825197134
aug_v2a.03169,-0.312950518,-1.139621602,-0.316038299,-0.763213819
aug_v2a.11271,-0.472540659,-1.115703934,-0.378263053,-0.685770069
aug_v2a.01092,-0.447579252,-1.106347656,NA,-1.182952212
aug_v2a.00776,NA,-1.102990133,-0.938172734,-0.781617889
aug_v2a.20272,-0.439992352,-1.096508125,NA,-0.578989598
aug_v2a.02246,-0.489459677,-1.058955881,NA,-0.364909501
aug_v2a.03640,-0.608278942,-1.054707994,-0.559974534,-0.653680314
aug_v2a.13566,-0.481976385,-1.053557209,-0.508126419,-0.902194936
aug_v2a.09640,-0.686144724,-1.046755125,NA,-0.634025368
aug_v2a.06921,NA,-1.044411229,-0.994200975,NA
aug_v2a.10444,-0.584861457,-1.039735496,NA,-0.664301393
aug_v2a.24630,-1.01119486,-1.031530904,NA,NA
aug_v2a.16765,NA,-1.021302869,0.40059871,NA
aug_v2a.13196,-0.690942708,-1.015799973,NA,-0.877163592
aug_v2a.05730,-0.700880793,-1.007667392,NA,-0.66479502
aug_v2a.10394,-1.051717373,-0.997666997,NA,NA
aug_v2a.16730,-0.788651086,-0.989866286,-0.501744511,-0.687368425
aug_v2a.16059,-0.321734688,-0.987075811,NA,-0.580819081
aug_v2a.13367,-0.746288653,-0.986207965,NA,NA
aug_v2a.09928,-0.613563631,-0.982869404,NA,-0.648717072
aug_v2a.12345,-0.529542337,-0.977646822,NA,NA
aug_v2a.05854,-0.331967863,-0.971580205,NA,-0.712937122
aug_v2a.00907,NA,-0.968696385,-0.769041547,NA
aug_v2a.05640,-0.858722235,-0.968523234,NA,NA
aug_v2a.01102,-0.614137379,-0.950781426,NA,-0.672899289
aug_v2a.00440,-0.628177249,-0.9420331,-0.987569899,-0.584753409
aug_v2a.06698,-0.772618933,-0.930450463,NA,-1.05286755
aug_v2a.09731,-0.521392283,-0.927315413,NA,-0.733467947
aug_v2a.10779,-0.792782284,-0.924357257,NA,NA
aug_v2a.17928,-0.477843497,-0.920386237,NA,-0.693063003
aug_v2a.22540,-0.700634014,-0.915537159,NA,-0.523771093
aug_v2a.11435,-0.710479618,-0.91302484,NA,NA
aug_v2a.00586,-0.32068257,-0.905459803,NA,-0.460395275
aug_v2a.12956,-0.519814241,-0.905033237,-0.538348006,-0.707713617
aug_v2a.13799,NA,-0.90018814,-0.467905176,-0.773265264
aug_v2a.14717,-0.7081356,-0.898596519,NA,NA
aug_v2a.23295,-0.511590553,-0.894146529,NA,-0.490752139
aug_v2a.00176,-0.319291972,-0.887034234,NA,NA
aug_v2a.01949,-0.428173309,-0.882619074,NA,-0.426904369
aug_v2a.14967,-0.683640143,-0.881165922,NA,-0.730366107
aug_v2a.10881,NA,-0.879963391,-0.488425999,-0.592824938
aug_v2a.23825,-0.86390287,-0.872595479,NA,NA
aug_v2a.05971,NA,-0.86800158,-0.879588166,-0.809962305
aug_v2a.20940,-0.477723212,-0.856517082,NA,-0.457999932
aug_v2a.02952,-0.384335138,-0.856252021,NA,-0.667588799
aug_v2a.02757,-0.874429457,-0.842648219,NA,NA
aug_v2a.13043,-0.517178735,-0.839181769,NA,-0.507683719
aug_v2a.19279,NA,-0.837072225,1.443576329,NA
aug_v2a.13323,-0.449617823,-0.833703465,NA,-0.587409031
aug_v2a.00382,0.885564117,-0.832825727,NA,-1.332716593
aug_v2a.16247,NA,-0.83188501,-0.794129914,-1.114737352
aug_v2a.18105,NA,-0.820856992,-0.448175747,-0.798351394
aug_v2a.20028,-0.547914377,-0.816561215,NA,-0.487869621
aug_v2a.06517,-0.798682207,-0.813910381,NA,NA
aug_v2a.11987,-0.538634189,-0.806142408,NA,-0.989732234
aug_v2a.17888,NA,-0.806076195,-0.434905092,-0.407512799
aug_v2a.01847,-0.45856732,-0.803511509,NA,-0.521867594
aug_v2a.04110,-0.713264513,-0.797195293,NA,NA
aug_v2a.19193,-1.041311497,-0.796140153,NA,-0.669930463
aug_v2a.23776,NA,-0.791949455,-0.588718747,-0.471215045
aug_v2a.07753,NA,-0.790402451,-0.394426497,-0.479671892
aug_v2a.15099,NA,-0.789821323,-0.480013024,-0.632131697
aug_v2a.06216,NA,-0.787012379,-0.270990395,-0.552283313
aug_v2a.14588,-0.501831591,-0.78365645,NA,-0.778144159
aug_v2a.21552,NA,-0.78053336,-0.636903307,NA
aug_v2a.04942,-0.673113722,-0.775945263,NA,NA
aug_v2a.06549,-0.559473749,-0.774261484,NA,-0.526625175
aug_v2a.16047,NA,-0.77026684,-0.313568873,-0.392343717
aug_v2a.16746,-0.491581427,-0.766509988,NA,NA
aug_v2a.04458,-0.503289967,-0.765197786,NA,NA
aug_v2a.21402,-0.465602538,-0.76456961,NA,-0.821066539
aug_v2a.22535,NA,-0.763478818,-0.631485084,NA
aug_v2a.00697,-0.484194511,-0.76256277,NA,-0.397226545
aug_v2a.05856,-0.539765281,-0.762232672,NA,-0.501238822
aug_v2a.16354,-0.498681866,-0.758262345,-0.634472738,-0.612200472
aug_v2a.04092,-0.532246833,-0.756572214,NA,NA
aug_v2a.22336,-0.35386449,-0.756039398,NA,-0.574774428
aug_v2a.24414,-0.437160552,-0.751223821,NA,-0.708065774
aug_v2a.23915,-0.548019258,-0.750406252,-0.560417645,-0.716309218
aug_v2a.23971,-0.486074069,-0.743907543,NA,NA
aug_v2a.15330,NA,-0.743540919,-1.427344011,-0.901793067
aug_v2a.10168,-0.59610351,-0.743358094,NA,-0.789282516
aug_v2a.15145,-0.377402899,-0.743310155,NA,-0.400775096
aug_v2a.16514,-0.738669878,-0.742937451,NA,-0.659370729
aug_v2a.04434,-0.632539206,-0.742853533,-0.547072458,-0.968715894
aug_v2a.22967,-0.365662593,-0.742501469,NA,-0.457907958
aug_v2a.00981,-0.360012373,-0.73957586,NA,-0.410475386
aug_v2a.16892,-0.527700504,-0.73809642,NA,-0.451187115
aug_v2a.16107,-0.510206259,-0.735988862,NA,NA
aug_v2a.18084,-0.6471554,-0.728425739,NA,-0.520574773
aug_v2a.24467,-0.457440247,-0.726977014,NA,NA
aug_v2a.14647,-0.243461417,-0.725939179,-0.333643344,-0.428573912
aug_v2a.10157,NA,-0.725808149,-0.531859486,-0.602086834
aug_v2a.01414,-0.377719822,-0.72354879,NA,-0.361858205
aug_v2a.21329,NA,-0.723485495,-0.586769805,NA
aug_v2a.08888,NA,-0.720842476,0.725161851,NA
aug_v2a.10798,-0.580309585,-0.719999313,NA,-0.479431254
aug_v2a.18972,-0.568646177,-0.717603357,NA,-0.760311401
aug_v2a.10486,NA,-0.715745812,-0.602691872,-0.595959721
aug_v2a.16767,-0.646604859,-0.714841901,NA,NA
aug_v2a.20638,-0.4263492,-0.714450865,-0.300559904,-0.6678513
aug_v2a.17005,-0.466680355,-0.71389253,NA,-0.766352983
aug_v2a.06404,-0.774368213,-0.711679289,NA,NA
aug_v2a.10931,-0.41021805,-0.709728821,-0.570361046,-0.550152314
aug_v2a.12192,-0.33151714,-0.708936442,NA,-0.60232862
aug_v2a.07340,-0.47152141,-0.707209917,NA,-0.696961599
aug_v2a.13938,0.69605962,-0.707151361,NA,NA
aug_v2a.07559,-0.429670925,-0.705354491,NA,-0.672072892
aug_v2a.05959,-0.64167358,-0.705318313,NA,-0.514496995
aug_v2a.21959,-0.629021003,-0.70290723,NA,NA
aug_v2a.23542,-0.830420337,-0.701706502,NA,NA
aug_v2a.14677,-0.607125204,-0.700013192,NA,-0.596134207
aug_v2a.23423,-0.768579556,-0.69647055,NA,-0.476184015
aug_v2a.18135,-0.98218748,-0.695154044,NA,NA
aug_v2a.14890,-0.342899128,-0.695004207,NA,NA
aug_v2a.14282,-0.470843478,-0.684517178,NA,-0.40014043
aug_v2a.07173,-0.493226289,-0.684379564,NA,-0.412048936
aug_v2a.14562,-0.667289549,-0.682571253,NA,NA
aug_v2a.04641,0.807207301,-0.679911632,NA,-0.691806186
aug_v2a.09243,-0.319014985,-0.676357294,NA,-0.610796737
aug_v2a.11108,-0.375244891,-0.665693415,NA,-0.392434832
aug_v2a.20350,-0.397719881,-0.664400251,NA,NA
aug_v2a.08822,-0.341496224,-0.663405294,NA,-0.672546051
aug_v2a.09482,-0.496730492,-0.660381351,NA,NA
aug_v2a.17916,NA,-0.658052959,-0.409472858,-0.37933603
aug_v2a.06160,NA,-0.65805167,-0.426344776,-0.704748163
aug_v2a.21938,-0.623658528,-0.657466301,NA,-0.825486947
aug_v2a.01492,-0.752338941,-0.656557628,NA,-0.466219996
aug_v2a.06192,-0.376878529,-0.656366442,NA,-0.494827143
aug_v2a.13137,-0.437257621,-0.654746585,NA,-0.557095098
aug_v2a.15217,-0.384974938,-0.650872968,NA,NA
aug_v2a.06266,-0.452895133,-0.644080579,NA,-0.381622459
aug_v2a.04427,-0.364579328,-0.643872382,NA,-0.494649362
aug_v2a.14519,-0.43536085,-0.642601784,NA,-1.026539994
aug_v2a.05953,-0.532831308,-0.641250587,NA,-0.527159598
aug_v2a.14000,NA,-0.639642269,-0.59326463,NA
aug_v2a.09045,0.521548853,-0.639044264,NA,NA
aug_v2a.16763,-0.420544252,-0.638465162,NA,-0.445187192
aug_v2a.03886,-0.52580263,-0.63790142,NA,NA
aug_v2a.01376,-0.588344654,-0.636132546,NA,NA
aug_v2a.17744,-0.487580233,-0.635907358,NA,NA
aug_v2a.00541,-0.588765205,-0.633752764,-0.578188317,NA
aug_v2a.08904,-0.54723677,-0.63242522,NA,NA
aug_v2a.05417,-0.563596065,-0.631816722,-0.477270089,-0.379730703
aug_v2a.10901,-0.35617827,-0.631572952,NA,-0.800664906
aug_v2a.00558,-0.437793372,-0.631407207,NA,-0.456912281
aug_v2a.08887,-0.9056121,-0.630159696,-0.881275802,NA
aug_v2a.22870,-0.500920271,-0.629472044,NA,NA
aug_v2a.13208,-0.731315336,-0.628273233,NA,NA
aug_v2a.18208,-0.583613333,-0.626771013,NA,NA
aug_v2a.15013,-0.941539914,-0.626601141,NA,-0.582621399
aug_v2a.18391,NA,-0.623937603,-0.391813589,NA
aug_v2a.07242,-0.477637495,-0.623500415,-0.764208467,NA
aug_v2a.22749,0.618353604,-0.622493396,NA,NA
aug_v2a.12628,-0.361244464,-0.622150856,NA,-0.686681721
aug_v2a.11284,-0.524724595,-0.621659296,-0.534898515,-0.542236074
aug_v2a.15724,-0.420228292,-0.620869918,NA,NA
aug_v2a.11327,-0.758675318,-0.620187749,-0.659092204,NA
aug_v2a.06763,-0.934633752,-0.618856404,NA,NA
aug_v2a.08384,-0.373291907,-0.617703605,NA,-0.302825379
aug_v2a.19972,-0.507973806,-0.616743041,NA,-0.562285542
aug_v2a.14836,-0.433221456,-0.616374514,NA,-0.482536416
aug_v2a.19233,-0.576478626,-0.614896518,NA,NA
aug_v2a.20983,-0.625514742,-0.6141345,NA,NA
aug_v2a.07045,-0.559059622,-0.613944845,NA,-0.718479936
aug_v2a.19457,-0.395006075,-0.613423163,NA,NA
aug_v2a.24535,-0.598230684,-0.611794595,NA,-0.669795802
aug_v2a.20878,-0.423203277,-0.609463878,NA,-0.57818404
aug_v2a.00848,-0.430833461,-0.609045747,NA,NA
aug_v2a.03078,-0.526491486,-0.608183696,NA,NA
aug_v2a.04506,-0.458577364,-0.60651214,NA,-0.373443351
aug_v2a.17209,-0.533668444,-0.60599226,NA,-0.401755111
aug_v2a.10712,0.57869622,-0.605144801,NA,-0.710390704
aug_v2a.02096,-0.347905913,-0.603717752,NA,-0.382805367
aug_v2a.00926,-0.370148547,-0.600894874,NA,-0.516025081
aug_v2a.07756,-0.431683046,-0.599454446,NA,-0.581508794
aug_v2a.10297,-0.661146071,-0.599034022,NA,-0.480548497
aug_v2a.16865,NA,-0.598757322,-0.522774908,NA
aug_v2a.23657,NA,-0.596678501,-0.603460737,-0.379393771
aug_v2a.12130,-0.459427705,-0.596657067,NA,NA
aug_v2a.00055,-0.601515428,-0.592102565,NA,-0.786998016
aug_v2a.24104,-0.381734891,-0.591773938,NA,NA
aug_v2a.17297,0.588289861,-0.590487325,NA,NA
aug_v2a.10433,-0.23440247,-0.589699183,NA,-0.32867771
aug_v2a.17229,NA,-0.589075854,0.81365386,NA
aug_v2a.16254,-0.296292693,-0.587329983,-0.440135327,-0.520144911
aug_v2a.19037,-0.60395161,-0.586213965,NA,-0.653142021
aug_v2a.00922,-0.400534404,-0.586151327,NA,-0.371079452
aug_v2a.19687,-0.688697272,-0.585118951,-0.429315444,-0.477831643
aug_v2a.05187,NA,-0.582492176,-0.38437124,-0.536820324
aug_v2a.18296,-0.335806602,-0.580730924,NA,NA
aug_v2a.10248,-0.494205188,-0.579852453,NA,NA
aug_v2a.04944,-0.606273394,-0.57866191,NA,NA
aug_v2a.17041,-0.426307598,-0.57844508,NA,-0.68539776
aug_v2a.01993,-0.328326015,-0.577356862,NA,-0.543252898
aug_v2a.07041,-0.802455932,-0.574120714,NA,NA
aug_v2a.21006,-0.437841339,-0.574035946,NA,NA
aug_v2a.14671,NA,-0.573682423,0.558099841,NA
aug_v2a.24279,0.520830742,-0.573102287,NA,NA
aug_v2a.04646,-0.555865642,-0.569937245,NA,NA
aug_v2a.19581,-0.528831505,-0.569885996,NA,-0.389444438
aug_v2a.05585,-0.465076004,-0.569148552,NA,NA
aug_v2a.16496,-0.390815442,-0.56849142,NA,-0.420237709
aug_v2a.05014,-0.494154763,-0.567576859,NA,NA
aug_v2a.24724,-0.540620383,-0.566697556,NA,NA
aug_v2a.17320,-0.369764286,-0.566513183,NA,-0.375506996
aug_v2a.24711,-0.588446081,-0.566249809,NA,NA
aug_v2a.21967,-0.595838727,-0.565378376,NA,-0.400272306
aug_v2a.03940,-0.646749241,-0.563981954,NA,-0.484990438
aug_v2a.04477,-0.498647322,-0.562347646,NA,-0.501070332
aug_v2a.09618,-0.599568095,-0.562235843,NA,-0.724347953
aug_v2a.04390,-0.371006591,-0.561963362,NA,NA
aug_v2a.09263,NA,-0.561678274,-0.488802122,-0.558667085
aug_v2a.05649,-0.383467639,-0.561088915,NA,-0.561303923
aug_v2a.04011,-0.336374223,-0.558583976,NA,-0.382614926
aug_v2a.03587,-1.053092743,-0.558334219,NA,NA
aug_v2a.15182,-0.756007962,-0.557938138,NA,-0.445028769
aug_v2a.18517,-0.432466178,-0.557592481,NA,-0.394530386
aug_v2a.03282,-0.473702448,-0.557073952,NA,-0.385780551
aug_v2a.21742,-0.403861694,-0.556948791,NA,-0.598564676
aug_v2a.04515,-0.456554019,-0.556598034,NA,NA
aug_v2a.00118,NA,-0.556432538,-0.650424185,NA
aug_v2a.23697,-0.242784985,-0.556409127,-0.306254909,-0.254126866
aug_v2a.11869,0.67916502,-0.555539565,NA,NA
aug_v2a.02761,-0.610641438,-0.553587144,NA,-0.710491821
aug_v2a.18859,-0.42079972,-0.553417685,NA,-0.352508381
aug_v2a.16384,-0.326363839,-0.552806428,NA,NA
aug_v2a.01997,NA,-0.552633855,-0.235449786,-0.503217133
aug_v2a.06780,-0.704241674,-0.551794653,NA,-0.45812706
aug_v2a.02327,-0.6157531,-0.551173541,NA,-0.42138853
aug_v2a.18554,0.159334154,-0.551133469,NA,-0.303755366
aug_v2a.18263,-0.933616172,-0.549438694,NA,NA
aug_v2a.18407,-0.519728809,-0.549264293,NA,-0.427558951
aug_v2a.12256,-0.530711875,-0.548211136,NA,-0.395968924
aug_v2a.05504,-0.46984024,-0.544591819,-0.550951323,NA
aug_v2a.03134,-0.629361237,-0.544110587,NA,-0.483521662
aug_v2a.14905,-0.568487592,-0.544006246,NA,NA
aug_v2a.09514,NA,-0.543311975,-0.547050084,-0.671190352
aug_v2a.05980,-0.529793333,-0.543298672,NA,-0.441655175
aug_v2a.00392,NA,-0.543179331,0.61259656,0.588356037
aug_v2a.07818,-0.519148417,-0.542709862,NA,NA
aug_v2a.18796,-0.867698079,-0.542277541,-0.415825478,NA
aug_v2a.08143,-0.411578735,-0.542093877,NA,-0.58796048
aug_v2a.10821,-0.525472125,-0.541491604,NA,-0.498666358
aug_v2a.08836,-0.343601068,-0.540539735,NA,-0.346880704
aug_v2a.03335,-0.487164418,-0.539239919,NA,NA
aug_v2a.24690,-0.488496736,-0.538582725,NA,-0.546905728
aug_v2a.04189,-0.395379911,-0.538496081,-0.433510229,-0.411889151
aug_v2a.14233,NA,-0.538299139,-0.545052649,NA
aug_v2a.21682,NA,-0.536666511,-0.60187064,-0.892823343
aug_v2a.05432,-0.394447877,-0.535958942,NA,-0.906548397
aug_v2a.22963,-0.418660185,-0.53588369,NA,-0.387921013
aug_v2a.23146,NA,-0.535690948,-0.619756372,NA
aug_v2a.08506,-0.567955386,-0.534844618,NA,-0.491728035
aug_v2a.18492,-0.335455823,-0.533718165,NA,-0.337405125
aug_v2a.13059,-0.483122007,-0.532514892,NA,-0.379603718
aug_v2a.03724,-0.503963827,-0.531329301,NA,NA
aug_v2a.04487,-0.597599056,-0.528080786,NA,-0.697642938
aug_v2a.18516,-0.424284243,-0.527408639,-0.43167407,-0.456312513
aug_v2a.22534,-0.645316777,-0.52740356,NA,-0.521644673
aug_v2a.19816,-0.434977333,-0.527149464,NA,NA
aug_v2a.18858,-0.590019564,-0.527050422,NA,-0.432724561
aug_v2a.17982,-0.558676676,-0.526260787,NA,-0.584353907
aug_v2a.20160,NA,-0.523131927,-0.630063337,NA
aug_v2a.05331,-0.549577688,-0.522581555,NA,NA
aug_v2a.17631,-0.471188002,-0.521585853,NA,NA
aug_v2a.05984,NA,-0.521475121,-0.38702161,-0.350233537
aug_v2a.18712,-0.665229166,-0.520668195,NA,-0.738308763
aug_v2a.18520,-0.59089632,-0.520193847,NA,-0.775809541
aug_v2a.09111,-0.508070899,-0.519952448,NA,NA
aug_v2a.17158,-0.423930995,-0.519856896,NA,NA
aug_v2a.17925,-0.402619521,-0.518676698,NA,-0.593658095
aug_v2a.14659,-0.402370437,-0.518436165,NA,-0.463542869
aug_v2a.19657,-0.59913029,-0.517927838,NA,-0.401544202
aug_v2a.13341,-0.527122385,-0.517868777,NA,-0.370762325
aug_v2a.15027,-0.410806288,-0.517257871,NA,-0.514987168
aug_v2a.15346,-0.632269548,-0.517016926,NA,-0.566807064
aug_v2a.04109,-0.560365926,-0.516432416,NA,NA
aug_v2a.05221,-0.617829058,-0.515917869,NA,-0.351645215
aug_v2a.11687,-0.437577805,-0.515411086,NA,-0.474199013
aug_v2a.01075,-0.478382574,-0.515038956,NA,-0.308155455
aug_v2a.02050,-0.408462505,-0.512623466,-0.350402166,-0.500111011
aug_v2a.02955,0.461922452,-0.511394684,NA,NA
aug_v2a.05104,-0.402013875,-0.510403928,NA,-0.434780151
aug_v2a.08820,-0.442890454,-0.510298097,NA,-0.417878972
aug_v2a.11963,-0.40926376,-0.509286763,-0.450467989,-0.540586068
aug_v2a.02656,-0.588294121,-0.50780654,-0.461697506,-0.542711136
aug_v2a.10933,-0.499206071,-0.507773739,NA,-0.428287004
aug_v2a.08236,-0.504485521,-0.507305274,NA,-0.407031591
aug_v2a.01628,-0.438653887,-0.506717902,NA,-0.408897656
aug_v2a.21193,-0.509570551,-0.506306864,-0.677227431,-0.589680848
aug_v2a.06250,NA,-0.505611088,-0.323019463,NA
aug_v2a.11649,-0.439638003,-0.504518938,NA,-0.316557504
aug_v2a.20479,-0.592193223,-0.502721347,NA,NA
aug_v2a.22072,-0.473754878,-0.502306715,NA,NA
aug_v2a.13719,-0.443103265,-0.501832252,NA,NA
aug_v2a.13109,-0.397890063,-0.501177749,NA,NA
aug_v2a.01942,-0.545509318,-0.500974778,NA,-0.40359786
aug_v2a.17035,NA,-0.49994319,-0.549472013,-0.571932439
aug_v2a.03318,-0.604679456,-0.499416311,NA,NA
aug_v2a.18866,NA,-0.498201827,-0.374574349,-0.656371104
aug_v2a.18608,-0.591293923,-0.49769668,NA,NA
aug_v2a.01242,-0.468931909,-0.49755946,NA,NA
aug_v2a.11658,-0.34826928,-0.496742144,NA,NA
aug_v2a.02097,-0.595995974,-0.496562705,NA,NA
aug_v2a.02758,-0.489430222,-0.495639217,NA,NA
aug_v2a.20643,-0.527035541,-0.495065474,NA,NA
aug_v2a.24699,-0.461894209,-0.495000516,NA,NA
aug_v2a.09398,-0.419800025,-0.494962105,NA,-0.350487606
aug_v2a.24255,-0.47900437,-0.494886746,NA,-0.411452463
aug_v2a.20119,0.516507882,-0.494444447,NA,NA
aug_v2a.03476,-0.466344731,-0.493596439,NA,NA
aug_v2a.17097,-0.240861124,-0.489986341,-0.20725757,-0.446390474
aug_v2a.05307,-0.674729676,-0.488821172,NA,NA
aug_v2a.11423,-0.27904874,-0.488737811,-0.273171268,-0.416379277
aug_v2a.15134,-0.487161573,-0.488512631,NA,-0.413980921
aug_v2a.18699,-0.591126793,-0.488361086,NA,-0.468102265
aug_v2a.21455,-0.625560903,-0.487518491,NA,NA
aug_v2a.09625,-0.413818561,-0.485944173,NA,NA
aug_v2a.15570,-0.673309451,-0.484822204,NA,NA
aug_v2a.02091,-0.435152667,-0.484008231,NA,NA
aug_v2a.05373,NA,-0.483090201,-0.541048341,NA
aug_v2a.12592,-0.596024598,-0.482543912,NA,-0.403425393
aug_v2a.10391,-0.544184427,-0.480555127,NA,NA
aug_v2a.15904,-0.540255428,-0.48027999,NA,NA
aug_v2a.23097,-0.53675399,-0.48021983,NA,NA
aug_v2a.23497,-0.61233625,-0.479772118,NA,NA
aug_v2a.10333,-0.594629256,-0.478954526,NA,NA
aug_v2a.12227,-0.555860331,-0.477671988,NA,-0.406501777
aug_v2a.12292,-0.517150877,-0.475499674,NA,NA
aug_v2a.22643,-0.446817065,-0.474857564,NA,-0.395900547
aug_v2a.11090,-0.354339309,-0.474712672,NA,NA
aug_v2a.02655,-0.459588887,-0.474326145,NA,NA
aug_v2a.09673,-0.283757977,-0.473693733,NA,-0.462698252
aug_v2a.08943,-0.757847701,-0.473526772,NA,NA
aug_v2a.19525,-0.263537122,-0.471324611,NA,NA
aug_v2a.10939,-0.460593069,-0.47045385,NA,NA
aug_v2a.20730,0.488338147,-0.470266764,NA,NA
aug_v2a.00999,-0.610924627,-0.470232499,NA,NA
aug_v2a.05534,-0.569306898,-0.468505278,NA,-0.50652035
aug_v2a.10910,-0.660573869,-0.468444402,NA,-0.632446467
aug_v2a.05789,-0.586083733,-0.467263199,NA,NA
aug_v2a.24148,-0.703764647,-0.467026757,NA,NA
aug_v2a.13198,-0.606886436,-0.464297398,NA,-0.551938637
aug_v2a.14841,-0.338167781,-0.46364017,NA,NA
aug_v2a.11948,-0.453406421,-0.461640344,-0.359090834,-0.391073465
aug_v2a.04393,-0.434250055,-0.461551343,NA,-0.412199389
aug_v2a.23302,-0.460339959,-0.461428811,NA,NA
aug_v2a.22682,-0.374823625,-0.460280412,NA,-0.362009713
aug_v2a.08097,-0.652871094,-0.459764975,NA,-0.683414609
aug_v2a.23875,-0.538645954,-0.458882403,NA,-0.416778579
aug_v2a.00694,-0.338247052,-0.457733556,NA,-0.303758037
aug_v2a.15215,-0.558089169,-0.457193695,NA,NA
aug_v2a.23644,-0.333341729,-0.455133449,NA,-0.286404354
aug_v2a.10504,-0.591106535,-0.454398731,NA,-0.405516883
aug_v2a.00281,NA,-0.45237025,-0.670998749,NA
aug_v2a.22697,-0.281242696,-0.450805454,NA,NA
aug_v2a.12750,-0.380792066,-0.448800063,NA,NA
aug_v2a.09086,-0.361786979,-0.448733039,NA,NA
aug_v2a.23668,-0.460370645,-0.448323059,NA,-0.459262909
aug_v2a.02319,-0.207218577,-0.447715331,NA,-0.535058248
aug_v2a.08307,-0.536873933,-0.447000993,NA,-0.376603986
aug_v2a.02314,-0.635197355,-0.446985922,NA,NA
aug_v2a.07131,-0.315789837,-0.446721807,NA,-0.376259496
aug_v2a.17870,-0.461846327,-0.446335571,NA,NA
aug_v2a.20121,-0.429415909,-0.444548087,NA,-0.474626916
aug_v2a.03851,-0.373032572,-0.443577741,NA,-0.393598045
aug_v2a.03418,-0.312205387,-0.443513944,NA,NA
aug_v2a.12710,-0.299318848,-0.442907177,NA,-0.315483827
aug_v2a.01887,-0.569069526,-0.442706203,NA,NA
aug_v2a.17683,-0.394340883,-0.44255812,-0.39034184,NA
aug_v2a.16934,-0.287110755,-0.441833872,NA,-0.314433131
aug_v2a.07931,-0.629063424,-0.440799327,NA,-0.624739177
aug_v2a.06008,-0.487607275,-0.440579543,NA,-0.373462548
aug_v2a.09541,-0.573116989,-0.439239012,NA,NA
aug_v2a.11301,-0.484819723,-0.439012466,-0.553992218,-0.51346046
aug_v2a.11167,-0.54239085,-0.43888926,NA,-0.437711169
aug_v2a.07651,-0.40002822,-0.437964892,NA,NA
aug_v2a.10206,-0.381720585,-0.437071121,NA,NA
aug_v2a.06580,-0.498116462,-0.436480691,NA,NA
aug_v2a.11814,-0.590622352,-0.436232866,NA,NA
aug_v2a.02766,-0.571102223,-0.434274254,NA,-0.320067057
aug_v2a.21256,-0.558473452,-0.429174664,NA,-0.463487022
aug_v2a.05535,-0.554890443,-0.428712531,NA,-0.419899872
aug_v2a.21012,-0.643776039,-0.428496357,NA,NA
aug_v2a.24661,-0.639891626,-0.427668981,NA,-0.434823103
aug_v2a.14924,-0.544332149,-0.427328304,NA,NA
aug_v2a.01273,-0.470113845,-0.427095403,NA,NA
aug_v2a.09897,-0.531077752,-0.426883944,NA,NA
aug_v2a.05802,-0.539891698,-0.426272553,NA,-0.489235439
aug_v2a.04898,-0.394316484,-0.426065966,NA,NA
aug_v2a.01937,-0.56789653,-0.425953686,NA,NA
aug_v2a.10421,-0.372173927,-0.425913925,-0.249482714,-0.439795551
aug_v2a.12285,NA,-0.425732496,-0.421594818,NA
aug_v2a.19468,-0.39015999,-0.425425833,NA,NA
aug_v2a.02919,-0.572537117,-0.425229418,NA,NA
aug_v2a.20234,-0.276716506,-0.425220448,NA,-0.309743882
aug_v2a.05853,-0.482199352,-0.425135823,NA,NA
aug_v2a.17894,-0.598249981,-0.424380396,NA,NA
aug_v2a.07396,-0.666230491,-0.423912031,NA,NA
aug_v2a.01575,-0.336917344,-0.422972163,NA,NA
aug_v2a.08546,-0.594688129,-0.42196313,NA,NA
aug_v2a.15333,-0.577213707,-0.421556985,NA,NA
aug_v2a.22802,-0.266484425,-0.421527413,NA,-0.318228092
aug_v2a.16163,-0.321431622,-0.42086895,NA,-0.297016798
aug_v2a.13164,-0.292058568,-0.420719601,NA,-0.24416148
aug_v2a.08022,-0.429402915,-0.420286852,NA,NA
aug_v2a.07921,NA,-0.418779793,0.554318683,NA
aug_v2a.04933,-0.402593952,-0.418691099,NA,NA
aug_v2a.22686,-0.36554419,-0.418534611,NA,NA
aug_v2a.01022,-0.343522451,-0.418354526,NA,-0.337926238
aug_v2a.09314,-0.473564226,-0.417889944,NA,-0.340407031
aug_v2a.01397,-0.399910271,-0.416441061,NA,NA
aug_v2a.06506,-0.564438582,-0.415302323,NA,NA
aug_v2a.10016,-0.474253639,-0.414888778,NA,NA
aug_v2a.09596,-0.510127251,-0.414106409,NA,NA
aug_v2a.17189,-0.319103707,-0.413716234,NA,NA
aug_v2a.18114,-0.2727995,-0.411701588,NA,-0.320365818
aug_v2a.02089,NA,-0.411529986,-0.422147514,NA
aug_v2a.16714,-0.33332975,-0.411021486,NA,NA
aug_v2a.09361,-0.353567612,-0.410944338,NA,NA
aug_v2a.04051,-0.65641066,-0.410897431,NA,-0.55390224
aug_v2a.13736,NA,-0.410175376,-0.321265335,-0.501241415
aug_v2a.11293,-0.447078341,-0.409691723,NA,NA
aug_v2a.22325,-0.453184769,-0.409334245,NA,-0.369101561
aug_v2a.11805,-0.433372982,-0.408743011,NA,NA
aug_v2a.08118,-0.554904632,-0.408267971,NA,NA
aug_v2a.02654,-0.520204271,-0.407817344,NA,NA
aug_v2a.24698,-0.440454209,-0.407815292,NA,NA
aug_v2a.01023,-0.515746217,-0.407669776,NA,NA
aug_v2a.01162,-0.579948545,-0.407143247,NA,NA
aug_v2a.19398,-0.54759274,-0.404690295,NA,-0.418653576
aug_v2a.03405,-0.408250446,-0.404498158,NA,-0.443353477
aug_v2a.12783,-0.461616126,-0.403302468,NA,NA
aug_v2a.24463,-0.560788598,-0.403224665,NA,NA
aug_v2a.11402,-0.338483144,-0.402679481,NA,NA
aug_v2a.24366,0.505542769,-0.402337167,NA,NA
aug_v2a.11200,-0.27247849,-0.401837654,NA,-0.353475955
aug_v2a.01977,-0.405763672,-0.401181321,NA,NA
aug_v2a.19829,-0.52915925,-0.400892843,NA,-0.442337166
aug_v2a.17311,-0.372266414,-0.400492692,NA,-0.382253212
aug_v2a.20171,-0.617488495,-0.399029375,NA,-0.485673448
aug_v2a.09057,-0.443906865,-0.397678301,NA,-0.433240119
aug_v2a.04645,-0.426401809,-0.397202412,NA,NA
aug_v2a.15158,-0.391654595,-0.39679312,NA,-0.448875248
aug_v2a.22070,-0.372860961,-0.39662628,NA,NA
aug_v2a.15579,-0.276524041,-0.396269517,NA,-0.473212614
aug_v2a.08805,NA,-0.395714381,-0.560118002,NA
aug_v2a.08474,NA,-0.395618504,-0.463159568,NA
aug_v2a.02025,-0.420380572,-0.39535735,NA,NA
aug_v2a.02529,-0.613339197,-0.394319493,NA,NA
aug_v2a.21964,0.378945365,-0.393820849,NA,NA
aug_v2a.04503,-0.312269369,-0.393329578,NA,-0.400665676
aug_v2a.12135,NA,-0.392911586,-0.51536388,NA
aug_v2a.22206,-0.465468331,-0.392528096,NA,-0.462006999
aug_v2a.21965,-0.410964761,-0.391208288,NA,NA
aug_v2a.18030,-0.387990463,-0.390057535,NA,-0.325450339
aug_v2a.03051,-0.580299361,-0.389822957,NA,NA
aug_v2a.09588,-0.548671817,-0.389371451,NA,NA
aug_v2a.14695,-0.532482015,-0.388165143,NA,NA
aug_v2a.01425,-0.418426757,-0.387625146,NA,-0.402059619
aug_v2a.24055,-0.324736092,-0.386842258,NA,-0.321053961
aug_v2a.01662,NA,-0.386107761,-0.350541427,NA
aug_v2a.19143,-0.314944478,-0.386080659,NA,NA
aug_v2a.12222,-0.463456763,-0.385623274,-0.548148216,NA
aug_v2a.08685,-0.376645067,-0.38537873,NA,NA
aug_v2a.12266,-0.401439671,-0.38509969,NA,-0.423901754
aug_v2a.23862,-0.373296911,-0.383998097,NA,NA
aug_v2a.05180,NA,-0.383925878,-0.340160934,-0.351831577
aug_v2a.23574,NA,-0.383871912,-0.286762595,-0.398631903
aug_v2a.15049,-0.631307634,-0.383743362,NA,NA
aug_v2a.02126,-0.474260648,-0.383363842,NA,NA
aug_v2a.09032,-0.331800398,-0.383271666,NA,NA
aug_v2a.14322,-0.572676224,-0.383120669,NA,-0.43741591
aug_v2a.04530,-0.493776202,-0.382709901,NA,-0.373224441
aug_v2a.09854,NA,-0.382060255,-0.501783012,-0.489581928
aug_v2a.01246,-0.33554923,-0.380268841,NA,NA
aug_v2a.05433,-0.210069954,-0.379555719,NA,-0.431786667
aug_v2a.06930,-0.418133582,-0.378341084,NA,NA
aug_v2a.04133,-0.529342776,-0.377905857,NA,NA
aug_v2a.00918,-0.568690596,-0.37762524,NA,NA
aug_v2a.01515,-0.275040678,-0.376901734,NA,NA
aug_v2a.10766,-0.427204002,-0.375594979,NA,NA
aug_v2a.23185,-0.432455701,-0.374936877,NA,-0.317501612
aug_v2a.05078,-0.436538527,-0.374707673,-0.440648708,NA
aug_v2a.21775,-0.445981128,-0.373218888,NA,NA
aug_v2a.23686,-0.416906702,-0.369917445,NA,NA
aug_v2a.15402,-0.40879259,-0.369372757,NA,NA
aug_v2a.17042,-0.453714393,-0.367278262,NA,NA
aug_v2a.07556,-0.554254718,-0.367270241,NA,NA
aug_v2a.20213,-0.317168636,-0.366403476,NA,NA
aug_v2a.05625,-0.477325935,-0.365525456,NA,NA
aug_v2a.01020,-0.542123563,-0.361654275,NA,NA
aug_v2a.17131,-0.386163496,-0.361355481,NA,NA
aug_v2a.16835,NA,-0.361187281,-0.602040596,NA
aug_v2a.10129,-0.40231223,-0.360923973,NA,-0.426621134
aug_v2a.19069,-0.424546191,-0.360336016,NA,NA
aug_v2a.14906,-0.413357551,-0.359951619,NA,-0.461161652
aug_v2a.05594,-0.620763376,-0.359944752,NA,NA
aug_v2a.10957,-0.38749795,-0.359912629,NA,NA
aug_v2a.18525,-0.473602169,-0.359778248,NA,-0.386113751
aug_v2a.18998,-0.691456651,-0.357882492,NA,NA
aug_v2a.22774,-0.311751302,-0.356755511,NA,-0.441460167
aug_v2a.10262,-0.465980283,-0.355142632,NA,NA
aug_v2a.00727,-0.432263538,-0.354228645,NA,-0.368350958
aug_v2a.00460,-0.511785916,-0.352124457,NA,NA
aug_v2a.03315,-0.450056613,-0.3521098,NA,-0.371059764
aug_v2a.14165,-0.347443236,-0.350640584,NA,-0.36964316
aug_v2a.00214,-0.437919965,-0.349939191,NA,NA
aug_v2a.22914,-0.353634184,-0.348585842,-0.284380689,-0.512555316
aug_v2a.16882,-0.530968163,-0.346845539,NA,NA
aug_v2a.18234,-0.43892115,-0.346333594,NA,-0.461532557
aug_v2a.07133,0.310039285,-0.346114359,NA,-0.248749232
aug_v2a.21346,-0.447812374,-0.345889649,NA,-0.306213987
aug_v2a.19298,-0.495322813,-0.345236024,NA,-0.408269304
aug_v2a.21344,-0.361781094,-0.344177152,NA,NA
aug_v2a.11410,-0.304602962,-0.343728841,NA,NA
aug_v2a.13044,NA,-0.343328937,0.420654769,0.376292181
aug_v2a.15909,0.387854497,-0.342741579,NA,-0.384724665
aug_v2a.01176,NA,-0.342035911,-0.607688426,-0.541883691
aug_v2a.10799,-0.496172444,-0.33961787,NA,-0.403405349
aug_v2a.04894,-0.320603012,-0.338961644,NA,NA
aug_v2a.20986,-0.524953354,-0.337960372,NA,NA
aug_v2a.01194,-0.472836003,-0.337601165,NA,-0.357005693
aug_v2a.07093,-0.279124659,-0.335019579,NA,-0.341832572
aug_v2a.02461,0.422688074,-0.334870583,0.306114193,NA
aug_v2a.06865,-0.485128668,-0.333741032,-0.736615602,-0.543291274
aug_v2a.21752,-0.370004625,-0.332889506,NA,NA
aug_v2a.16432,-0.343055069,-0.332495368,NA,NA
aug_v2a.20228,-0.339065879,-0.33155905,NA,NA
aug_v2a.20082,-0.459922947,-0.33065307,NA,NA
aug_v2a.16134,-0.572746798,-0.33056018,NA,-0.456462234
aug_v2a.09461,-0.508273776,-0.329931843,NA,NA
aug_v2a.08139,-0.343708819,-0.329359331,NA,-0.511907226
aug_v2a.21909,-0.322101103,-0.329040809,NA,-0.357515413
aug_v2a.02049,-0.336572394,-0.327346339,NA,NA
aug_v2a.09571,-0.470805587,-0.327268079,NA,NA
aug_v2a.16609,-0.352016875,-0.326696958,NA,-0.329927463
aug_v2a.19167,-0.318135958,-0.324864406,-0.287827968,NA
aug_v2a.01749,NA,-0.323704236,-0.453889823,NA
aug_v2a.07090,-0.393405,-0.321421505,NA,NA
aug_v2a.21663,-0.39933171,-0.321189421,NA,-0.316087787
aug_v2a.09357,-0.421906493,-0.320206177,NA,NA
aug_v2a.03751,-0.391101677,-0.319474434,NA,NA
aug_v2a.05887,NA,-0.31854209,-0.566457515,NA
aug_v2a.04428,-0.339473714,-0.317226867,NA,NA
aug_v2a.20473,-0.292608909,-0.31703251,NA,-0.265547546
aug_v2a.22924,-0.416457296,-0.313575544,NA,NA
aug_v2a.14990,-0.407469878,-0.311465352,NA,NA
aug_v2a.08230,-0.643691123,-0.307321217,-0.423728267,NA
aug_v2a.05982,-0.333372806,-0.306912706,NA,-0.325063498
aug_v2a.05795,-0.478148455,-0.306506516,NA,NA
aug_v2a.13204,-0.352028597,-0.30309557,NA,NA
aug_v2a.01418,NA,-0.302938947,-0.294078628,NA
aug_v2a.13764,-0.459028199,-0.302462676,NA,NA
aug_v2a.20675,-0.305932775,-0.302432922,NA,NA
aug_v2a.15227,-0.289500191,-0.302278447,NA,-0.453564438
aug_v2a.13160,-0.42824423,-0.30227734,NA,NA
aug_v2a.21939,-0.25498571,-0.300618444,NA,-0.317256089
aug_v2a.10243,-0.340641339,-0.30037445,NA,-0.337438304
aug_v2a.05249,-0.363475419,-0.30015703,NA,NA
aug_v2a.18553,-0.265382912,-0.29754637,NA,-0.330632228
aug_v2a.19310,-0.287297133,-0.296732816,NA,-0.326646338
aug_v2a.01933,-0.399148783,-0.296155362,NA,NA
aug_v2a.14381,-0.289162045,-0.29422211,NA,NA
aug_v2a.20527,NA,-0.293815641,-0.277938881,-0.305786697
aug_v2a.07470,-0.431557463,-0.291480972,NA,NA
aug_v2a.03516,NA,-0.283111436,-0.312572581,NA
aug_v2a.24557,-0.27924949,-0.281242883,NA,-0.311745866
aug_v2a.10283,-0.25247527,-0.28101078,NA,-0.241297014
aug_v2a.09780,0.483868403,-0.280083863,NA,NA
aug_v2a.16060,-0.351362644,-0.275568398,NA,NA
aug_v2a.12820,-0.379280179,-0.27519656,NA,NA
aug_v2a.10249,-0.280893109,-0.27417088,NA,NA
aug_v2a.16720,NA,-0.272964828,-0.276227112,-0.328131992
aug_v2a.01932,-0.364978301,-0.271916309,NA,NA
aug_v2a.04760,-0.307688511,-0.270388601,NA,NA
aug_v2a.19072,-0.287439703,-0.269294089,NA,NA
aug_v2a.10071,NA,-0.26606855,0.214522335,-0.409550241
aug_v2a.08881,-0.33698176,-0.264900315,NA,-0.353730236
aug_v2a.19068,-0.316180067,-0.258152576,NA,NA
aug_v2a.05542,NA,-0.255937896,-0.251751617,-0.352846189
aug_v2a.21456,-0.453154112,-0.255127035,NA,NA
aug_v2a.03594,-0.203575192,-0.253665512,NA,NA
aug_v2a.19815,-0.293144474,-0.253453583,NA,-0.357042814
aug_v2a.06518,-0.30196038,-0.25336376,NA,NA
aug_v2a.09549,-0.389818061,-0.251557033,-0.33225872,-0.399351653
aug_v2a.13782,-0.177134732,-0.248821142,NA,NA
aug_v2a.05801,-0.278911096,-0.24579512,NA,NA
aug_v2a.08719,-0.25287296,-0.242567556,NA,NA
aug_v2a.21619,-0.360904129,-0.238696477,NA,-0.385326677
aug_v2a.19302,-0.254241478,-0.228844021,NA,NA
aug_v2a.16993,-0.284720628,-0.222732835,NA,NA
aug_v2a.17956,-0.268758822,-0.220796851,NA,-0.224023631
aug_v2a.10018,NA,-0.207804128,-0.193223103,-0.279706803
aug_v2a.06252,-0.347042872,-0.201032321,NA,NA
aug_v2a.18957,0.481820109,-0.195448079,NA,NA
aug_v2a.09704,-0.25221278,-0.185182968,NA,-0.251629302
aug_v2a.06950,0.183788699,-0.177758191,NA,NA
aug_v2a.13477,0.232928232,0.15333616,NA,NA
aug_v2a.14202,NA,0.169368037,0.184349754,0.222965552
aug_v2a.05541,NA,0.174130495,0.221070798,NA
aug_v2a.10829,0.245390402,0.185576443,NA,NA
aug_v2a.02480,-0.33373419,0.196468138,NA,NA
aug_v2a.12705,-0.249818072,0.202008971,NA,NA
aug_v2a.11507,0.222621207,0.207078707,NA,NA
aug_v2a.12791,NA,0.219933374,0.246785611,0.231926925
aug_v2a.18915,NA,0.221047104,-0.236115689,-0.4254946
aug_v2a.03768,0.243058189,0.227453606,0.26679866,NA
aug_v2a.11444,-0.211673338,0.236087059,NA,NA
aug_v2a.05251,0.424900297,0.242526025,NA,0.211329851
aug_v2a.01516,NA,0.246913937,0.311125057,NA
aug_v2a.04376,-0.367392253,0.249006678,NA,-0.257653283
aug_v2a.17623,-0.241674976,0.254821573,NA,NA
aug_v2a.05450,0.308282889,0.262684678,NA,NA
aug_v2a.07186,-0.223517541,0.262954183,NA,NA
aug_v2a.15775,NA,0.267288382,0.278984185,NA
aug_v2a.15644,-0.322660016,0.271152322,NA,NA
aug_v2a.21811,-0.355753392,0.283826177,NA,NA
aug_v2a.03659,NA,0.291597284,0.347768532,NA
aug_v2a.21485,0.215586745,0.294480828,NA,NA
aug_v2a.16011,-0.410178533,0.295577594,NA,0.479179693
aug_v2a.08641,0.219280429,0.296805558,NA,NA
aug_v2a.07345,NA,0.29842712,0.215663092,NA
aug_v2a.02248,-0.236440682,0.298545272,NA,NA
aug_v2a.04113,0.342498716,0.30741052,NA,NA
aug_v2a.00158,0.415984635,0.307913981,NA,NA
aug_v2a.12916,0.322632335,0.315916993,NA,NA
aug_v2a.16539,NA,0.319010797,0.453432342,NA
aug_v2a.00996,-0.358371523,0.319660918,-0.614125611,NA
aug_v2a.08512,NA,0.320057687,-0.414662419,NA
aug_v2a.09124,0.42802333,0.321040914,NA,0.321300399
aug_v2a.12915,-0.271273994,0.321623575,NA,NA
aug_v2a.15594,-0.504243243,0.32643349,NA,NA
aug_v2a.15181,NA,0.326951355,0.309763197,NA
aug_v2a.17104,0.470702582,0.327050784,NA,NA
aug_v2a.13683,NA,0.329218524,0.380659997,0.559604692
aug_v2a.10220,0.359076269,0.331341386,NA,NA
aug_v2a.07043,NA,0.333518596,0.249451095,NA
aug_v2a.13246,0.29834596,0.338168732,NA,0.310481009
aug_v2a.04124,0.314181594,0.338993009,NA,NA
aug_v2a.03645,0.223471208,0.340084483,NA,0.346765954
aug_v2a.00121,NA,0.340650352,-0.328087427,NA
aug_v2a.07112,NA,0.342217666,0.337905366,NA
aug_v2a.03170,0.378954488,0.345841531,NA,NA
aug_v2a.21924,0.447186549,0.346906678,NA,NA
aug_v2a.16622,-0.283241255,0.347431612,NA,NA
aug_v2a.02608,0.539427535,0.348735873,NA,NA
aug_v2a.05666,NA,0.351647583,0.325578979,NA
aug_v2a.00582,0.284194536,0.352193042,NA,NA
aug_v2a.07640,NA,0.353631869,0.411331146,0.513670004
aug_v2a.20542,0.480413996,0.355831719,NA,NA
aug_v2a.03665,-0.581243911,0.358920195,NA,0.354815364
aug_v2a.24119,-0.174394019,0.359369339,NA,NA
aug_v2a.17811,0.718168006,0.359912957,NA,NA
aug_v2a.15453,0.409206867,0.361402297,NA,NA
aug_v2a.23237,0.393075145,0.361424211,NA,NA
aug_v2a.07792,0.387279521,0.366632739,NA,NA
aug_v2a.21747,0.385136997,0.367449349,NA,NA
aug_v2a.12849,NA,0.36926106,0.419660968,0.398340805
aug_v2a.22548,NA,0.371166123,0.512435183,NA
aug_v2a.16336,0.336383046,0.372735009,NA,NA
aug_v2a.17807,0.296980927,0.373065795,NA,NA
aug_v2a.10185,NA,0.37814531,0.497931221,0.574809887
aug_v2a.24642,NA,0.379183583,0.430888496,0.433259626
aug_v2a.23313,NA,0.386227423,0.277968731,0.336114359
aug_v2a.02629,0.224090861,0.386362231,-0.276205907,NA
aug_v2a.19924,-0.351232511,0.387951029,NA,NA
aug_v2a.00965,0.431363081,0.390664017,NA,NA
aug_v2a.20263,0.713220778,0.392294363,NA,NA
aug_v2a.16788,0.329834137,0.393578882,NA,NA
aug_v2a.01769,NA,0.394373035,0.57943903,NA
aug_v2a.16493,0.348526561,0.395784607,NA,0.414650687
aug_v2a.22208,NA,0.398474969,0.314768048,0.376585721
aug_v2a.24191,-0.374436809,0.40185885,NA,NA
aug_v2a.20755,0.539817501,0.402318579,NA,NA
aug_v2a.06905,0.395477946,0.403617212,NA,NA
aug_v2a.10626,NA,0.405112961,0.340598999,NA
aug_v2a.06526,0.528055216,0.406962274,0.474259375,NA
aug_v2a.11177,NA,0.408472708,0.412933076,NA
aug_v2a.08957,0.375177533,0.409221694,NA,NA
aug_v2a.06844,0.384181123,0.40975145,NA,NA
aug_v2a.12935,0.380948878,0.409827325,NA,NA
aug_v2a.19538,0.464818946,0.414754892,NA,0.599500013
aug_v2a.00466,-0.583301905,0.416222807,NA,0.477017947
aug_v2a.00148,0.563536364,0.417154683,NA,NA
aug_v2a.20702,-0.581584013,0.417616872,NA,0.469693904
aug_v2a.13797,0.545211848,0.419549074,NA,NA
aug_v2a.00533,0.440709161,0.420751926,NA,NA
aug_v2a.23457,-0.319461939,0.421150988,NA,0.211441741
aug_v2a.03505,0.376211747,0.423025932,NA,NA
aug_v2a.03646,0.299015222,0.424279868,NA,NA
aug_v2a.14382,-0.490416586,0.424531481,NA,NA
aug_v2a.17383,NA,0.42460929,0.44610092,0.382312259
aug_v2a.24093,0.369867137,0.424774884,NA,NA
aug_v2a.16224,0.360936329,0.425893991,NA,NA
aug_v2a.00796,0.43263912,0.428370757,NA,NA
aug_v2a.17309,0.425663685,0.431083728,NA,NA
aug_v2a.00483,0.496273982,0.432545897,NA,NA
aug_v2a.07182,-0.477254175,0.434439403,NA,NA
aug_v2a.16543,0.453984519,0.435253905,NA,0.294611283
aug_v2a.11589,0.418282144,0.436413993,NA,NA
aug_v2a.08392,0.209362333,0.438282228,NA,NA
aug_v2a.06926,0.688710647,0.439547994,NA,NA
aug_v2a.06096,0.412176366,0.440323047,NA,0.481463623
aug_v2a.03951,0.48722577,0.44516541,NA,0.551786306
aug_v2a.23181,0.326734421,0.446425836,NA,NA
aug_v2a.14908,0.403589581,0.447181197,NA,NA
aug_v2a.00906,0.462190907,0.447914708,NA,0.538708672
aug_v2a.19626,0.367197776,0.448008778,NA,NA
aug_v2a.19794,0.775168764,0.448213242,NA,NA
aug_v2a.15070,0.80423,0.449150771,NA,NA
aug_v2a.02108,-0.290284531,0.453343844,NA,NA
aug_v2a.18501,NA,0.45403905,0.365202079,0.403184855
aug_v2a.01295,NA,0.454569638,-0.297346655,NA
aug_v2a.06652,0.673603195,0.455752518,NA,NA
aug_v2a.21468,0.394069021,0.456729783,NA,NA
aug_v2a.05713,0.456885505,0.457522177,NA,NA
aug_v2a.23942,0.318619416,0.458698895,NA,NA
aug_v2a.13727,NA,0.458774335,-0.37757731,NA
aug_v2a.14825,0.594688736,0.461688738,NA,NA
aug_v2a.01747,-0.52216689,0.461715606,NA,NA
aug_v2a.21135,0.436222113,0.462877943,NA,NA
aug_v2a.16057,0.329064719,0.464597977,NA,0.287447038
aug_v2a.12959,0.625771699,0.465544446,NA,NA
aug_v2a.06530,0.467748883,0.468237127,NA,NA
aug_v2a.19394,0.640733778,0.470555821,NA,NA
aug_v2a.17045,0.57951025,0.473773795,NA,NA
aug_v2a.05365,NA,0.473821367,0.651067944,0.48600473
aug_v2a.18431,-0.297238189,0.473884857,-0.347102025,0.290727802
aug_v2a.17995,0.434055584,0.474137043,NA,NA
aug_v2a.14188,NA,0.477156236,-0.259229044,NA
aug_v2a.08514,NA,0.477288672,-0.234711215,NA
aug_v2a.01988,0.558764845,0.47949247,NA,NA
aug_v2a.22730,NA,0.480400514,0.355131762,NA
aug_v2a.12605,0.468184063,0.480797757,NA,0.483525236
aug_v2a.23534,NA,0.481442294,0.290016398,NA
aug_v2a.02487,0.449646793,0.483601084,NA,NA
aug_v2a.18979,0.381310185,0.48811254,NA,NA
aug_v2a.14806,0.456676675,0.490003602,NA,NA
aug_v2a.02435,NA,0.490211937,0.365081103,NA
aug_v2a.11437,0.519019906,0.490970582,NA,NA
aug_v2a.06095,0.437300884,0.493705193,NA,0.448247062
aug_v2a.12414,0.470834012,0.49446044,NA,NA
aug_v2a.09092,0.563147306,0.494965202,NA,NA
aug_v2a.06155,0.434219577,0.495533989,NA,NA
aug_v2a.13985,0.322883056,0.496883899,0.305809532,NA
aug_v2a.20484,-0.413467986,0.500410917,NA,NA
aug_v2a.24168,NA,0.504439772,0.805102883,0.848354707
aug_v2a.05652,0.835418466,0.505690127,NA,NA
aug_v2a.22395,NA,0.505699836,-0.442406983,NA
aug_v2a.21268,0.526568317,0.506157072,NA,NA
aug_v2a.19163,0.542200145,0.508959641,NA,NA
aug_v2a.15107,0.748129009,0.509098249,NA,NA
aug_v2a.07506,NA,0.509219638,-0.403036888,NA
aug_v2a.03036,0.528477484,0.51126902,NA,NA
aug_v2a.22559,0.563252542,0.511942649,NA,NA
aug_v2a.13424,0.529441462,0.512560051,NA,0.37194066
aug_v2a.13700,0.522777883,0.518156318,NA,NA
aug_v2a.10095,-0.506283234,0.520202441,NA,0.381261382
aug_v2a.20384,0.846740977,0.520244376,NA,NA
aug_v2a.06277,NA,0.521086273,0.325736749,0.271581162
aug_v2a.00607,0.619408917,0.522128221,NA,NA
aug_v2a.01430,NA,0.523135428,0.403638139,0.380258129
aug_v2a.14832,NA,0.525050087,-0.440558581,NA
aug_v2a.14295,NA,0.52570384,0.511228435,0.688887939
aug_v2a.02589,0.5487006,0.527276353,NA,NA
aug_v2a.23879,0.497823719,0.527373894,NA,NA
aug_v2a.07408,NA,0.527579428,0.555778399,NA
aug_v2a.18980,0.661553454,0.528249132,NA,NA
aug_v2a.09233,NA,0.530127304,0.260028011,0.541560534
aug_v2a.21194,NA,0.530357547,-0.650902194,NA
aug_v2a.07634,NA,0.531222359,0.401321812,0.316723126
aug_v2a.18268,0.526922865,0.53432511,NA,0.353223417
aug_v2a.23559,0.485483384,0.534696683,NA,0.396004307
aug_v2a.01638,NA,0.536115946,0.459140657,NA
aug_v2a.20688,0.691291064,0.537288376,NA,NA
aug_v2a.13065,NA,0.538770218,0.676894242,0.53219811
aug_v2a.15949,NA,0.539602303,0.268094044,0.292072191
aug_v2a.14804,0.454459072,0.539647353,NA,NA
aug_v2a.04464,0.459870628,0.545135033,NA,NA
aug_v2a.05830,0.460482831,0.545172981,NA,0.437278257
aug_v2a.01691,0.607608599,0.545893279,NA,NA
aug_v2a.10329,-0.394004067,0.547094956,NA,NA
aug_v2a.01329,0.709517388,0.547386174,NA,NA
aug_v2a.08267,0.72813371,0.547435875,NA,0.583736371
aug_v2a.07022,0.603486384,0.548715863,NA,NA
aug_v2a.23343,0.925908095,0.548836403,NA,NA
aug_v2a.03153,0.705699761,0.555788064,NA,NA
aug_v2a.16371,0.812091747,0.555827998,NA,-0.53958116
aug_v2a.22545,0.244437785,0.55702437,NA,NA
aug_v2a.16552,0.438954645,0.557036663,NA,0.462126212
aug_v2a.10519,0.665097088,0.560056891,NA,NA
aug_v2a.04752,0.584244975,0.56220403,NA,NA
aug_v2a.10890,NA,0.563036607,0.345522109,0.325001822
aug_v2a.23679,0.580269961,0.563301518,NA,NA
aug_v2a.20961,NA,0.565391967,0.527384119,NA
aug_v2a.17061,0.58926727,0.566090162,NA,NA
aug_v2a.14833,NA,0.56637543,-0.602447756,NA
aug_v2a.04486,-0.229945924,0.566501349,NA,0.397225997
aug_v2a.07605,0.370847918,0.568226055,NA,0.423658887
aug_v2a.21937,0.556781614,0.569994219,NA,NA
aug_v2a.03503,0.636822336,0.571520345,NA,NA
aug_v2a.02427,NA,0.573048279,0.32510632,0.343253844
aug_v2a.00298,NA,0.573972325,0.404771193,0.613531102
aug_v2a.14186,0.615055732,0.575664831,NA,NA
aug_v2a.16998,0.571315745,0.576129919,0.845099258,NA
aug_v2a.09791,0.375522723,0.577204674,NA,NA
aug_v2a.11802,0.710730518,0.577982372,NA,NA
aug_v2a.00902,NA,0.578125936,0.451377207,0.596630252
aug_v2a.07407,0.681623671,0.578132775,NA,NA
aug_v2a.03477,0.648962105,0.578872408,NA,NA
aug_v2a.01098,0.648094221,0.580414039,NA,0.504827508
aug_v2a.21659,0.738973128,0.581110041,NA,NA
aug_v2a.16860,0.637798954,0.582676907,NA,NA
aug_v2a.24604,0.466283783,0.583948955,NA,NA
aug_v2a.08423,0.408511423,0.584632568,NA,NA
aug_v2a.13194,0.498174004,0.58789471,NA,0.682806832
aug_v2a.03066,0.612856909,0.588914049,NA,NA
aug_v2a.23578,NA,0.590749142,0.383500275,0.399249032
aug_v2a.03818,NA,0.592752396,0.593771419,NA
aug_v2a.15468,0.670004952,0.592823229,0.507617066,1.07368725
aug_v2a.00424,0.596575923,0.593186326,NA,NA
aug_v2a.00938,0.582032093,0.593229457,NA,NA
aug_v2a.05320,0.70577384,0.593655952,NA,NA
aug_v2a.14224,0.50235481,0.593944852,NA,NA
aug_v2a.11362,NA,0.594560138,0.637689975,NA
aug_v2a.12923,0.810827693,0.59805525,NA,NA
aug_v2a.01787,NA,0.599961789,0.688550928,0.60988958
aug_v2a.01289,0.707179853,0.600156136,NA,NA
aug_v2a.15512,0.414757106,0.600366725,NA,NA
aug_v2a.13372,0.302222026,0.601035537,NA,0.399465702
aug_v2a.18754,0.429403203,0.602240092,NA,NA
aug_v2a.03922,0.65774332,0.602784381,NA,NA
aug_v2a.14800,0.346199032,0.603527604,0.391922238,0.584161833
aug_v2a.23918,0.535475902,0.604475235,NA,NA
aug_v2a.04812,0.913586496,0.605249584,NA,NA
aug_v2a.10387,NA,0.605327366,0.590061947,NA
aug_v2a.22976,0.84685432,0.607267122,NA,NA
aug_v2a.21010,NA,0.608762826,0.577885364,0.58826461
aug_v2a.07535,0.661634566,0.609343257,NA,NA
aug_v2a.01908,0.382140221,0.60982099,NA,NA
aug_v2a.19138,0.699798988,0.610631045,NA,NA
aug_v2a.09507,NA,0.612320763,0.33348561,0.387406741
aug_v2a.02262,0.556976255,0.612356516,NA,0.511597292
aug_v2a.09501,0.773560619,0.614987395,NA,NA
aug_v2a.18853,NA,0.61580517,0.779047275,0.610183791
aug_v2a.07908,NA,0.616592503,0.33817071,NA
aug_v2a.05427,0.406236513,0.618705263,NA,NA
aug_v2a.15304,0.55028144,0.619359267,NA,NA
aug_v2a.18154,0.927157186,0.620319726,NA,NA
aug_v2a.05752,NA,0.620410066,-0.681862748,NA
aug_v2a.19335,NA,0.620736466,0.689023365,NA
aug_v2a.17225,0.616460189,0.621899049,NA,NA
aug_v2a.03842,0.660517531,0.62192727,NA,NA
aug_v2a.19690,NA,0.624209912,-0.560826108,NA
aug_v2a.20823,0.543818672,0.625789093,NA,NA
aug_v2a.17643,NA,0.626228044,0.787787606,NA
aug_v2a.20388,0.551108433,0.626541799,NA,NA
aug_v2a.07287,0.879452844,0.626661765,NA,NA
aug_v2a.08827,0.582722859,0.628077043,NA,NA
aug_v2a.17601,0.687084265,0.632305396,NA,NA
aug_v2a.06067,0.40861779,0.633969742,NA,NA
aug_v2a.03728,0.409368019,0.635776252,NA,NA
aug_v2a.05404,0.541387819,0.641678058,NA,NA
aug_v2a.03677,0.585211135,0.642036198,NA,NA
aug_v2a.13071,NA,0.644385475,-1.267271436,NA
aug_v2a.18473,0.879980858,0.646874047,NA,NA
aug_v2a.10886,0.551541024,0.649866211,NA,0.604545164
aug_v2a.00986,0.574268321,0.652023182,NA,NA
aug_v2a.11775,0.708403258,0.652725737,NA,NA
aug_v2a.06717,0.675460659,0.653336513,NA,0.696257864
aug_v2a.15791,NA,0.654587902,0.468595914,0.512988053
aug_v2a.04492,NA,0.654605282,0.252852085,0.370933353
aug_v2a.00667,0.598745595,0.656146418,NA,NA
aug_v2a.23696,0.506513042,0.657309039,NA,NA
aug_v2a.01470,0.508306691,0.657852313,NA,NA
aug_v2a.10614,0.718194086,0.663963628,NA,NA
aug_v2a.01377,0.691280277,0.6645096,0.755149934,NA
aug_v2a.02486,0.675820543,0.665226171,NA,NA
aug_v2a.11416,0.731539801,0.668206534,NA,NA
aug_v2a.10559,0.65711268,0.669578012,NA,NA
aug_v2a.14634,NA,0.670250127,0.800397413,NA
aug_v2a.13738,0.789544916,0.670953608,NA,NA
aug_v2a.15908,0.706731326,0.672578927,NA,NA
aug_v2a.04222,NA,0.676203249,0.900079244,0.851169078
aug_v2a.21234,0.411968426,0.676428168,NA,0.554687287
aug_v2a.16205,0.920965603,0.678851413,NA,NA
aug_v2a.06622,0.872323561,0.679265811,NA,NA
aug_v2a.12861,0.58139357,0.679269702,NA,0.457841257
aug_v2a.23783,NA,0.685979155,0.707428761,NA
aug_v2a.01562,0.675666803,0.687943765,NA,NA
aug_v2a.04816,NA,0.689942314,0.455606286,0.530669469
aug_v2a.15769,0.82914818,0.691910262,0.570347678,NA
aug_v2a.17235,NA,0.693961814,0.558548293,0.60284591
aug_v2a.06617,NA,0.695449693,0.759967462,NA
aug_v2a.23195,0.849707182,0.697261565,NA,NA
aug_v2a.04909,NA,0.698574885,0.890618082,0.936504416
aug_v2a.07001,0.560239964,0.699914752,NA,NA
aug_v2a.18837,0.751133058,0.702143095,NA,NA
aug_v2a.00085,NA,0.702276449,0.570482066,NA
aug_v2a.08130,NA,0.702701872,0.282148905,NA
aug_v2a.20771,0.62734193,0.70279305,NA,NA
aug_v2a.12206,0.702883875,0.709771823,NA,NA
aug_v2a.18038,0.395643322,0.712658969,NA,NA
aug_v2a.00151,0.951758061,0.715687795,NA,NA
aug_v2a.13605,NA,0.716191577,0.519051227,0.613126407
aug_v2a.18429,0.375878364,0.717308559,NA,NA
aug_v2a.07271,NA,0.719886541,0.80728114,NA
aug_v2a.18453,0.647291544,0.721314973,NA,NA
aug_v2a.06066,0.684875353,0.722813679,NA,NA
aug_v2a.01406,0.950760261,0.723529819,NA,NA
aug_v2a.00481,0.56622452,0.726396811,NA,NA
aug_v2a.12765,0.704034795,0.726770934,NA,NA
aug_v2a.24494,0.579111351,0.726787281,NA,NA
aug_v2a.19454,0.704745325,0.728098642,NA,0.520170994
aug_v2a.12767,0.674670408,0.729612127,NA,NA
aug_v2a.20600,0.535005432,0.735323162,NA,0.834605739
aug_v2a.01982,0.618308765,0.737054758,NA,NA
aug_v2a.14532,NA,0.737776707,0.686893142,NA
aug_v2a.00701,NA,0.739221896,0.713007453,NA
aug_v2a.21046,0.687488451,0.741711665,NA,NA
aug_v2a.03365,NA,0.742495509,0.715943916,NA
aug_v2a.06545,NA,0.742711052,0.335450177,NA
aug_v2a.04333,0.634023508,0.743742914,NA,NA
aug_v2a.08422,0.734236713,0.744589195,NA,NA
aug_v2a.13086,NA,0.747329855,0.680888474,0.643255224
aug_v2a.24436,NA,0.747728775,0.674443512,NA
aug_v2a.15364,0.82297976,0.747798605,NA,NA
aug_v2a.21257,0.723628448,0.748170302,NA,NA
aug_v2a.07681,NA,0.748733921,0.630870769,NA
aug_v2a.15048,0.781686584,0.752256048,NA,NA
aug_v2a.13890,NA,0.753067459,-0.711980432,NA
aug_v2a.17546,0.493176301,0.753763776,NA,NA
aug_v2a.13223,0.759125952,0.754240554,NA,NA
aug_v2a.05777,NA,0.755726181,0.542772422,0.546748744
aug_v2a.00708,0.640885386,0.755791924,NA,NA
aug_v2a.20253,NA,0.757577291,0.740009811,NA
aug_v2a.05956,0.424886627,0.760178122,NA,NA
aug_v2a.17321,0.705128422,0.761584132,NA,NA
aug_v2a.24022,0.736769856,0.764780814,NA,0.593925963
aug_v2a.20517,0.29672684,0.766545787,NA,0.545475684
aug_v2a.24187,NA,0.767834706,1.624730516,NA
aug_v2a.19738,0.555011209,0.768618219,NA,0.493681199
aug_v2a.16147,-0.645562618,0.769047987,NA,NA
aug_v2a.06044,0.779989102,0.772904496,NA,NA
aug_v2a.23200,0.62499523,0.775082185,NA,0.727578225
aug_v2a.15141,0.546523939,0.776966891,NA,NA
aug_v2a.00883,0.834724732,0.777879219,NA,NA
aug_v2a.12576,NA,0.780868462,0.674927376,NA
aug_v2a.19153,NA,0.781934022,0.52751868,0.85103049
aug_v2a.03786,0.564732075,0.782739539,NA,0.4428879
aug_v2a.15900,NA,0.78335344,0.717764854,NA
aug_v2a.20338,0.816541442,0.783747155,NA,NA
aug_v2a.14222,NA,0.783879402,0.255541061,0.375373309
aug_v2a.16887,NA,0.787586102,0.722093886,NA
aug_v2a.11173,NA,0.787654576,0.885624081,1.052188469
aug_v2a.16001,0.66474392,0.788188017,NA,NA
aug_v2a.20637,0.718552832,0.793018098,NA,NA
aug_v2a.21205,0.430054787,0.794768511,NA,0.427534026
aug_v2a.00136,0.68043458,0.79485144,NA,NA
aug_v2a.11528,NA,0.796744111,1.127685892,0.902716144
aug_v2a.04954,0.582939898,0.799493839,NA,NA
aug_v2a.08933,0.910996007,0.803273608,NA,NA
aug_v2a.06144,NA,0.807258904,0.469833893,0.564429184
aug_v2a.07018,0.689649138,0.807988257,NA,NA
aug_v2a.05382,0.877269117,0.813382111,NA,NA
aug_v2a.17238,NA,0.813841325,0.642101326,NA
aug_v2a.23474,0.666827308,0.814235533,NA,NA
aug_v2a.05312,NA,0.816083566,0.703383019,0.793047215
aug_v2a.04296,NA,0.816160775,-0.99593625,NA
aug_v2a.02964,0.55059952,0.818027636,NA,NA
aug_v2a.02753,0.571772978,0.825333575,NA,NA
aug_v2a.02284,0.895157671,0.827380098,NA,NA
aug_v2a.13859,0.52908099,0.829191066,NA,NA
aug_v2a.07764,NA,0.8302668,0.628436227,NA
aug_v2a.17047,0.951922578,0.832059246,NA,NA
aug_v2a.22861,1.280332994,0.833038355,NA,NA
aug_v2a.05818,NA,0.835223539,1.028322748,0.784288915
aug_v2a.15447,1.008305937,0.835967168,NA,NA
aug_v2a.04777,0.764381958,0.838187039,NA,NA
aug_v2a.20270,0.681277815,0.838252919,NA,0.569838463
aug_v2a.16151,NA,0.839528397,0.991008331,NA
aug_v2a.15037,0.968928323,0.840379659,NA,NA
aug_v2a.11449,0.587959829,0.841713847,NA,NA
aug_v2a.14805,NA,0.842563055,0.417117151,0.536019064
aug_v2a.07144,NA,0.844848846,0.828489588,0.563841151
aug_v2a.14048,NA,0.851857943,0.718129583,NA
aug_v2a.13250,NA,0.851998727,-0.702351296,NA
aug_v2a.00641,NA,0.854506692,0.641673579,NA
aug_v2a.14064,0.771899117,0.856533624,NA,NA
aug_v2a.17908,0.713742808,0.859627321,NA,NA
aug_v2a.08683,0.898643534,0.863056847,NA,NA
aug_v2a.14315,NA,0.863742518,0.534619675,NA
aug_v2a.12889,-0.909224781,0.864722671,NA,0.951358222
aug_v2a.02051,0.740511477,0.867192453,NA,0.613649948
aug_v2a.06761,-1.026466882,0.874875787,NA,NA
aug_v2a.10377,NA,0.875496237,0.444009801,0.445232811
aug_v2a.23855,0.546189843,0.879136949,NA,0.544169875
aug_v2a.04077,0.691557255,0.883303124,NA,0.609224944
aug_v2a.13286,0.936580149,0.886780582,NA,0.81803274
aug_v2a.00313,NA,0.888629291,0.671531989,NA
aug_v2a.08913,0.653693381,0.888670859,0.785461005,NA
aug_v2a.13112,0.546647687,0.892263915,NA,NA
aug_v2a.16430,0.903607385,0.892330706,0.737541695,NA
aug_v2a.13358,NA,0.893679041,1.127867761,NA
aug_v2a.11458,0.665605707,0.904025913,NA,0.996009382
aug_v2a.01650,0.752882046,0.904300255,NA,0.73266505
aug_v2a.11534,NA,0.904316401,0.745235382,0.763369327
aug_v2a.18190,0.831192818,0.908299117,0.71617645,0.727563793
aug_v2a.22052,0.575685453,0.909272433,NA,NA
aug_v2a.23412,NA,0.916824515,0.573931071,0.568300342
aug_v2a.00263,0.663979188,0.924918658,NA,NA
aug_v2a.07786,NA,0.928969788,0.824495943,0.495580435
aug_v2a.09123,NA,0.931162535,0.555605057,0.653628091
aug_v2a.00453,0.84749421,0.936729851,NA,NA
aug_v2a.01682,0.761706478,0.940219355,NA,NA
aug_v2a.20168,0.887266913,0.945557395,NA,NA
aug_v2a.04149,0.516781708,0.94578914,NA,0.458690016
aug_v2a.00821,NA,0.953937141,0.793647151,0.626219221
aug_v2a.12026,NA,0.955529159,0.752370891,NA
aug_v2a.24650,1.161216117,0.957787453,NA,NA
aug_v2a.17666,0.884866432,0.958097438,NA,NA
aug_v2a.20564,0.782771048,0.961549775,NA,NA
aug_v2a.24037,0.644788904,0.962505537,NA,NA
aug_v2a.20485,NA,0.96410957,0.503216486,NA
aug_v2a.05923,0.811615621,0.966172444,NA,NA
aug_v2a.14480,0.826675649,0.972104687,NA,NA
aug_v2a.24277,NA,0.973447264,0.725052763,0.881493815
aug_v2a.09669,0.864895033,0.974064663,NA,NA
aug_v2a.22178,0.685110418,0.982725228,NA,NA
aug_v2a.10605,NA,0.983541035,0.841937821,NA
aug_v2a.13163,0.930668478,0.985642507,NA,NA
aug_v2a.03523,0.677550514,0.987974297,NA,NA
aug_v2a.11196,NA,0.994875423,0.65736071,0.640449822
aug_v2a.18108,0.705562282,0.999986847,NA,NA
aug_v2a.16189,NA,1.002379687,0.741280794,0.779202683
aug_v2a.21609,0.574291997,1.004829396,NA,NA
aug_v2a.12819,NA,1.005571379,1.068611207,NA
aug_v2a.18550,NA,1.008209698,0.4496966,NA
aug_v2a.03250,0.704310085,1.009536616,NA,NA
aug_v2a.15946,NA,1.011437856,1.060401501,0.653954513
aug_v2a.22373,NA,1.015865472,-0.458648376,NA
aug_v2a.18323,NA,1.029573436,0.855122942,NA
aug_v2a.23130,NA,1.030168095,1.064166937,NA
aug_v2a.04136,0.651781757,1.032793716,NA,NA
aug_v2a.21065,0.751531257,1.035229421,0.909865874,0.730639901
aug_v2a.04910,NA,1.03598298,0.811124235,NA
aug_v2a.13722,0.551086282,1.041097703,NA,NA
aug_v2a.11178,NA,1.041505977,0.925771929,NA
aug_v2a.19500,0.64495998,1.04396553,NA,NA
aug_v2a.09066,NA,1.04639353,0.629191534,0.643341533
aug_v2a.20069,0.797887282,1.046536006,NA,NA
aug_v2a.05098,0.831768995,1.055397198,NA,0.646727428
aug_v2a.24303,0.697972621,1.065172767,NA,0.804125107
aug_v2a.21989,NA,1.069363177,0.824500342,NA
aug_v2a.03197,NA,1.074798414,1.051931859,NA
aug_v2a.08364,NA,1.091154124,0.92037821,NA
aug_v2a.15057,NA,1.09932142,1.862042213,NA
aug_v2a.22061,0.652580018,1.102851758,NA,0.648539234
aug_v2a.20671,NA,1.121831936,1.441497498,NA
aug_v2a.15748,NA,1.155907771,-1.008801144,0.754225617
aug_v2a.18965,0.616997495,1.175769302,0.751867978,NA
aug_v2a.17231,NA,1.181240859,0.89817163,NA
aug_v2a.23347,0.734426686,1.187832811,0.863242692,0.985759255
aug_v2a.16828,0.867249566,1.193999877,NA,NA
aug_v2a.00311,NA,1.199033435,0.842105432,0.701700381
aug_v2a.01579,0.774540899,1.223689082,NA,0.80671315
aug_v2a.16646,-0.694234599,1.229663178,NA,1.304456293
aug_v2a.01390,NA,1.253461944,1.011660577,1.521361889
aug_v2a.20246,0.839906368,1.263889192,NA,NA
aug_v2a.03979,-0.46462958,1.308562845,NA,0.695920973
aug_v2a.02157,1.135893309,1.332838207,NA,NA
aug_v2a.18831,0.84154692,1.444378821,0.84967094,1.230686633
aug_v2a.13869,NA,1.464357292,0.369301679,0.827718941
aug_v2a.16588,NA,1.466255465,0.746520558,1.220484538
aug_v2a.11414,NA,1.478627587,1.124251279,0.84726063
aug_v2a.24164,0.856449599,1.48442842,NA,0.738169713
aug_v2a.18982,NA,1.69296406,0.964865871,NA
aug_v2a.15746,NA,1.733976549,0.940845954,NA
aug_v2a.17765,0.849457103,1.836967796,NA,NA
aug_v2a.21578,0.533052671,2.047335823,NA,1.058047692
aug_v2a.11817,NA,2.162934767,0.892729435,1.157456818
aug_v2a.19511,-0.802628043,NA,NA,0.636658703
aug_v2a.23098,-0.710416918,NA,NA,-0.519264754
aug_v2a.06301,-0.65930471,NA,-0.638173545,0.63176514
aug_v2a.07819,-0.652385115,NA,NA,0.562772437
aug_v2a.17912,-0.59602905,NA,NA,-0.300119659
aug_v2a.02276,-0.591624217,NA,NA,-0.586490446
aug_v2a.03328,-0.54649658,NA,NA,-0.408662232
aug_v2a.23257,-0.530722017,NA,NA,0.822547378
aug_v2a.21231,-0.527528327,NA,NA,0.461302596
aug_v2a.00622,-0.525347212,NA,-0.527314199,-0.376718374
aug_v2a.05983,-0.523489414,NA,NA,0.629413918
aug_v2a.02652,-0.508934703,NA,NA,-0.411945205
aug_v2a.07181,-0.506856711,NA,-0.604696026,0.457015188
aug_v2a.15006,-0.502200538,NA,NA,-0.319206401
aug_v2a.01101,-0.501561289,NA,-0.581325652,-0.60417109
aug_v2a.23642,-0.481133747,NA,NA,-0.508463348
aug_v2a.08665,-0.472790938,NA,NA,-0.479655851
aug_v2a.24045,-0.460486699,NA,NA,-0.441144366
aug_v2a.15242,-0.460275313,NA,NA,0.318871326
aug_v2a.09751,-0.445777113,NA,NA,-0.618234909
aug_v2a.14736,-0.439598434,NA,NA,-0.422145333
aug_v2a.13262,-0.4221938,NA,NA,-0.387200239
aug_v2a.04305,-0.413929713,NA,NA,0.591885865
aug_v2a.20908,-0.411106628,NA,NA,-0.320369191
aug_v2a.00948,-0.390874519,NA,NA,-0.623803506
aug_v2a.04865,-0.388433208,NA,NA,-0.280612563
aug_v2a.10142,-0.382980661,NA,NA,0.360953619
aug_v2a.15313,-0.363878079,NA,NA,-0.518871044
aug_v2a.09437,-0.346678586,NA,NA,-0.25070944
aug_v2a.12047,-0.34339104,NA,NA,-0.319346525
aug_v2a.09071,-0.338135563,NA,NA,-0.355475339
aug_v2a.02425,-0.337347437,NA,NA,-0.298643355
aug_v2a.11134,-0.32635883,NA,NA,0.309465631
aug_v2a.19870,-0.304135831,NA,NA,-0.302798243
aug_v2a.14849,-0.296339822,NA,-0.377912797,-0.345390425
aug_v2a.02587,-0.29547652,NA,NA,-0.247127123
aug_v2a.10183,-0.27942911,NA,NA,-0.278730605
aug_v2a.12580,-0.276906259,NA,NA,-0.314864318
aug_v2a.18094,-0.262339941,NA,-0.272392315,-0.303748162
aug_v2a.01944,-0.240671181,NA,NA,-0.31495797
aug_v2a.17674,-0.238912946,NA,NA,-0.25860974
aug_v2a.03047,-0.229166692,NA,NA,-0.287326794
aug_v2a.17252,-0.218286776,NA,NA,-0.225746013
aug_v2a.05155,-0.19685003,NA,NA,-0.255363121
aug_v2a.21797,-0.194568167,NA,NA,-0.248135729
aug_v2a.04392,0.195074981,NA,NA,-0.229995248
aug_v2a.22792,0.21222347,NA,NA,-0.24081884
aug_v2a.15970,0.236674292,NA,NA,0.218303207
aug_v2a.01058,0.288736398,NA,NA,0.293648828
aug_v2a.21819,0.296266804,NA,NA,0.308032822
aug_v2a.21823,0.332955631,NA,NA,-0.293848568
aug_v2a.06677,0.339740029,NA,NA,-0.61292324
aug_v2a.14680,0.35210948,NA,NA,0.399161736
aug_v2a.20974,0.384178985,NA,NA,0.402588545
aug_v2a.19495,0.389212656,NA,NA,0.268473811
aug_v2a.21782,0.391403327,NA,NA,0.329634666
aug_v2a.15195,0.394337504,NA,NA,0.296557108
aug_v2a.18435,0.39905285,NA,NA,0.427481795
aug_v2a.00588,0.417292198,NA,NA,0.503117925
aug_v2a.01035,0.419589317,NA,NA,0.404886381
aug_v2a.05972,0.438443725,NA,NA,0.370038994
aug_v2a.06821,0.45036668,NA,NA,0.310744474
aug_v2a.08132,0.451463677,NA,NA,0.410452026
aug_v2a.07477,0.474582736,NA,0.605335888,0.696228821
aug_v2a.21322,0.482359592,NA,NA,0.535888705
aug_v2a.15136,0.485269696,NA,NA,-0.432113159
aug_v2a.21207,0.505878732,NA,NA,0.51756609
aug_v2a.06229,0.507179649,NA,NA,-0.473896341
aug_v2a.18804,0.508008603,NA,0.511905038,0.457394445
aug_v2a.00936,0.530114887,NA,0.653744999,0.474293267
aug_v2a.02665,0.558942827,NA,NA,0.471165128
aug_v2a.05297,0.586468259,NA,NA,0.33724183
aug_v2a.24296,0.61980346,NA,0.562723998,0.562928726
aug_v2a.18879,0.626443332,NA,NA,1.229759279
aug_v2a.15000,0.634628661,NA,NA,0.425613166
aug_v2a.24205,0.643256595,NA,NA,0.516653406
aug_v2a.14401,0.654910071,NA,NA,0.533401644
aug_v2a.15701,0.664747931,NA,NA,0.636909505
aug_v2a.00991,0.681629129,NA,NA,0.495627733
aug_v2a.20372,0.686912736,NA,NA,0.546388021
aug_v2a.22786,0.696106341,NA,NA,0.761245654
aug_v2a.04914,0.69664041,NA,0.589900597,0.628049498
aug_v2a.22970,0.699869363,NA,NA,0.563654035
aug_v2a.21374,0.738344512,NA,NA,0.470007947
aug_v2a.22941,0.743258436,NA,NA,0.673563711
aug_v2a.17192,0.753644396,NA,NA,1.098434229
aug_v2a.18459,0.793837935,NA,NA,-0.834669876
aug_v2a.03891,0.857421406,NA,1.09831699,1.060852
aug_v2a.16283,0.888618643,NA,NA,0.517830497
aug_v2a.01580,0.947200741,NA,0.856932418,0.74432543
aug_v2a.04928,NA,NA,1.308500309,1.046278919
aug_v2a.00891,NA,NA,1.307129985,1.024841437
aug_v2a.00264,NA,NA,1.229177149,0.855776861
aug_v2a.17584,NA,NA,1.18764413,1.24228082
aug_v2a.11221,NA,NA,1.173217693,1.093722879
aug_v2a.01537,NA,NA,1.126524524,0.871577912
aug_v2a.20311,NA,NA,1.098877823,1.016838465
aug_v2a.22396,NA,NA,1.096850336,0.845486939
aug_v2a.14582,NA,NA,1.081760817,0.787196486
aug_v2a.05528,NA,NA,1.078704432,1.292467105
aug_v2a.15601,NA,NA,1.060122913,-0.933436141
aug_v2a.23713,NA,NA,1.016664643,0.778192514
aug_v2a.17423,NA,NA,0.986373134,0.840785183
aug_v2a.22640,NA,NA,0.968257051,0.894718357
aug_v2a.17797,NA,NA,0.959871352,1.142638517
aug_v2a.07415,NA,NA,0.95099477,0.737677992
aug_v2a.14360,NA,NA,0.950671872,0.866078338
aug_v2a.23885,NA,NA,0.946954605,0.971529334
aug_v2a.14403,NA,NA,0.944833871,1.490690205
aug_v2a.03588,NA,NA,0.931409315,0.982888378
aug_v2a.23011,NA,NA,0.927797815,0.968361904
aug_v2a.17577,NA,NA,0.918896345,0.85871598
aug_v2a.17300,NA,NA,0.918000652,1.037301699
aug_v2a.18707,NA,NA,0.903054193,0.845353912
aug_v2a.23264,NA,NA,0.879889843,0.86223521
aug_v2a.07991,NA,NA,0.856315491,0.810475489
aug_v2a.24190,NA,NA,0.854201896,1.026337204
aug_v2a.10937,NA,NA,0.83273055,0.952081453
aug_v2a.23989,NA,NA,0.830687687,0.627489286
aug_v2a.23718,NA,NA,0.827352852,1.153447442
aug_v2a.01054,NA,NA,0.823343731,0.856030657
aug_v2a.16924,NA,NA,0.819691947,1.057181551
aug_v2a.11072,NA,NA,0.817284051,0.660569209
aug_v2a.06840,NA,NA,0.810350753,0.780315774
aug_v2a.14759,NA,NA,0.80955494,0.910739787
aug_v2a.11281,NA,NA,0.791446882,0.748760883
aug_v2a.05810,NA,NA,0.789226556,1.063800158
aug_v2a.14162,NA,NA,0.783748109,0.843407273
aug_v2a.05552,NA,NA,0.753755252,0.801837107
aug_v2a.20423,NA,NA,0.747738481,0.697089988
aug_v2a.10700,NA,NA,0.74295025,0.761363225
aug_v2a.10685,NA,NA,0.739859845,0.894880253
aug_v2a.10681,NA,NA,0.736441089,0.743974486
aug_v2a.05835,NA,NA,0.729025715,0.930714382
aug_v2a.15126,NA,NA,0.72756622,0.854732694
aug_v2a.07183,NA,NA,0.702918265,0.796558842
aug_v2a.19180,NA,NA,0.678947118,0.771234091
aug_v2a.16378,NA,NA,0.66494461,0.634738801
aug_v2a.18996,NA,NA,0.663665006,0.906012484
aug_v2a.07487,NA,NA,0.63651516,0.698538153
aug_v2a.23801,NA,NA,0.633884539,0.617592272
aug_v2a.18493,NA,NA,0.631371686,0.587315791
aug_v2a.16955,NA,NA,0.628698605,0.579226589
aug_v2a.01886,NA,NA,0.628133461,0.47566111
aug_v2a.15702,NA,NA,0.627377947,0.872818544
aug_v2a.02085,NA,NA,0.609997237,0.827850911
aug_v2a.13118,NA,NA,0.564354891,0.833944921
aug_v2a.03683,NA,NA,0.553545697,0.731797476
aug_v2a.19989,NA,NA,0.547189481,0.468308347
aug_v2a.05520,NA,NA,0.514022036,0.61650839
aug_v2a.17023,NA,NA,0.511952883,0.660286851
aug_v2a.17618,NA,NA,0.51128744,0.976898355
aug_v2a.08975,NA,NA,0.466583826,0.466264684
aug_v2a.14594,NA,NA,0.459028057,0.37937799
aug_v2a.13046,NA,NA,0.437582782,0.431695618
aug_v2a.00143,NA,NA,0.422833012,0.47972
aug_v2a.08752,NA,NA,0.412756522,0.555961743
aug_v2a.01049,NA,NA,0.410178572,0.390635324
aug_v2a.16918,NA,NA,0.390809501,0.693034914
aug_v2a.18715,NA,NA,0.367387496,0.397132918
aug_v2a.17796,NA,NA,0.364847287,0.442930496
aug_v2a.07365,NA,NA,0.343130455,0.444274366
aug_v2a.13058,NA,NA,0.331272794,0.39054893
aug_v2a.00142,NA,NA,0.324385218,0.314783986
aug_v2a.00905,NA,NA,0.31246804,0.314331209
aug_v2a.09365,NA,NA,0.285046739,0.187379575
aug_v2a.01649,NA,NA,-0.205780993,-0.258759457
aug_v2a.10506,NA,NA,-0.247272739,-0.256798862
aug_v2a.17177,NA,NA,-0.258270513,-0.262242256
aug_v2a.12712,NA,NA,-0.288056546,-0.21354189
aug_v2a.06978,NA,NA,-0.318711846,-0.427523107
aug_v2a.14297,NA,NA,-0.384724805,-0.400599854
aug_v2a.15664,NA,NA,-0.389214603,-0.565377168
aug_v2a.14341,NA,NA,-0.39619488,-0.383969548
aug_v2a.12181,NA,NA,-0.412429182,-0.521771026
aug_v2a.13575,NA,NA,-0.41705242,-0.385693547
aug_v2a.18688,NA,NA,-0.4492759,-0.577120133
aug_v2a.20146,NA,NA,-0.505381933,-0.507315935
aug_v2a.21453,NA,NA,-0.531807124,-0.926806447
aug_v2a.13501,NA,NA,-0.56355783,-0.458199356
aug_v2a.18024,NA,NA,-0.577695464,-0.468708818
aug_v2a.16789,NA,NA,-0.83612808,0.455124593
aug_v2a.03421,NA,NA,-0.890455328,-1.262636524
aug_v2a.02129,NA,NA,-0.899876189,-0.476728409
aug_v2a.11720,NA,NA,-0.963967685,-0.559012136
aug_v2a.06457,NA,NA,-1.341321688,-0.951662916
