Name,AH.d1,AH.d3,SC.d1,SC.d3
aug_v2a.21204,1,0,1,0
aug_v2a.09496,0,0,1,0
aug_v2a.17959,1,0,1,0
aug_v2a.03406,0,0,1,0
aug_v2a.08034,0,0,1,0
aug_v2a.16178,0,0,1,0
aug_v2a.01825,0,0,1,0
aug_v2a.21827,1,0,1,0
aug_v2a.02157,1,0,1,0
aug_v2a.15248,1,0,1,0
aug_v2a.24650,1,0,1,0
aug_v2a.14772,0,0,1,0
aug_v2a.21053,0,0,1,0
aug_v2a.15612,1,0,1,0
aug_v2a.08443,1,0,1,0
aug_v2a.23304,1,0,1,0
aug_v2a.09669,1,0,1,0
aug_v2a.24217,0,0,1,0
aug_v2a.23343,1,0,1,0
aug_v2a.22861,0,0,1,0
aug_v2a.16430,1,0,1,0
aug_v2a.15037,1,0,1,0
aug_v2a.21790,0,0,1,0
aug_v2a.22178,1,0,1,0
aug_v2a.24164,1,1,1,1
aug_v2a.22536,0,0,1,0
aug_v2a.05382,1,1,1,0
aug_v2a.16207,1,0,1,0
aug_v2a.19765,1,0,1,1
aug_v2a.19932,0,0,1,1
aug_v2a.16331,0,0,1,0
aug_v2a.14826,0,0,1,0
aug_v2a.00119,0,0,1,0
aug_v2a.17788,1,0,1,0
aug_v2a.20061,0,0,1,0
aug_v2a.01580,0,1,1,1
aug_v2a.22966,0,0,1,0
aug_v2a.21120,0,0,1,0
aug_v2a.24312,0,1,1,0
aug_v2a.02930,1,0,1,0
aug_v2a.15364,1,0,1,0
aug_v2a.16828,1,0,1,0
aug_v2a.00347,0,0,1,0
aug_v2a.23156,0,0,1,0
aug_v2a.03972,1,0,1,0
aug_v2a.12620,0,0,1,0
aug_v2a.06915,1,0,1,0
aug_v2a.21133,0,0,1,0
aug_v2a.00151,0,0,1,0
aug_v2a.00492,1,0,1,0
aug_v2a.10708,0,0,1,0
aug_v2a.12894,0,0,1,0
aug_v2a.22950,1,0,1,0
aug_v2a.14383,0,0,1,0
aug_v2a.05923,1,0,1,0
aug_v2a.08274,0,0,1,0
aug_v2a.14265,1,0,1,0
aug_v2a.18187,0,0,1,0
aug_v2a.23461,0,0,1,0
aug_v2a.19592,0,0,1,0
aug_v2a.03468,0,0,1,0
aug_v2a.21126,0,0,1,0
aug_v2a.01042,1,0,1,0
aug_v2a.21820,1,0,1,0
aug_v2a.18327,1,1,1,0
aug_v2a.12747,0,0,1,0
aug_v2a.24719,1,1,1,0
aug_v2a.10664,1,0,1,0
aug_v2a.20069,1,0,1,0
aug_v2a.16565,1,0,1,0
aug_v2a.15964,1,0,1,0
aug_v2a.08305,0,0,1,0
aug_v2a.03891,0,1,1,1
aug_v2a.06044,1,0,1,0
aug_v2a.20168,1,0,1,0
aug_v2a.17047,1,0,1,0
aug_v2a.17413,0,0,1,0
aug_v2a.10285,0,0,1,0
aug_v2a.00382,1,1,1,0
aug_v2a.00825,0,0,1,0
aug_v2a.02795,1,0,1,0
aug_v2a.21396,0,0,1,0
aug_v2a.18108,1,0,1,0
aug_v2a.07287,1,0,1,0
aug_v2a.20685,0,0,1,0
aug_v2a.04812,1,0,1,0
aug_v2a.17830,1,0,1,0
aug_v2a.22324,0,0,1,0
aug_v2a.18425,0,0,1,0
aug_v2a.16371,0,0,1,0
aug_v2a.16257,1,0,1,0
aug_v2a.05098,1,1,1,0
aug_v2a.06954,0,0,1,0
aug_v2a.22976,1,0,1,0
aug_v2a.17321,1,0,1,0
aug_v2a.17769,1,0,1,0
aug_v2a.13163,1,0,1,0
aug_v2a.15048,1,0,1,0
aug_v2a.15561,1,0,1,0
aug_v2a.20372,1,1,1,0
aug_v2a.09392,0,0,1,0
aug_v2a.07006,1,0,1,0
aug_v2a.19138,1,0,1,0
aug_v2a.23800,0,0,1,0
aug_v2a.01179,0,0,1,0
aug_v2a.03203,0,0,1,0
aug_v2a.13938,0,0,1,0
aug_v2a.18224,0,0,1,0
aug_v2a.18154,1,0,1,0
aug_v2a.13485,0,0,1,0
aug_v2a.18473,1,0,1,0
aug_v2a.09562,0,0,1,0
aug_v2a.00587,0,0,1,0
aug_v2a.04018,0,0,1,0
aug_v2a.20255,1,0,1,0
aug_v2a.01026,0,0,1,0
aug_v2a.16283,0,1,1,0
aug_v2a.16804,0,0,1,0
aug_v2a.13738,1,0,1,0
aug_v2a.23375,1,0,1,0
aug_v2a.01406,1,0,1,0
aug_v2a.15701,0,0,1,0
aug_v2a.08024,1,0,1,0
aug_v2a.17666,1,0,1,0
aug_v2a.22244,0,0,1,0
aug_v2a.20379,0,0,1,0
aug_v2a.12543,0,0,1,0
aug_v2a.13129,1,0,1,0
aug_v2a.21866,1,0,1,0
aug_v2a.04062,0,0,1,0
aug_v2a.19678,0,0,1,0
aug_v2a.15913,0,0,1,0
aug_v2a.10810,0,0,1,0
aug_v2a.15769,1,0,1,0
aug_v2a.06622,1,0,1,0
aug_v2a.10681,0,1,1,1
aug_v2a.04641,1,1,1,0
aug_v2a.09218,0,0,1,0
aug_v2a.16205,0,0,1,0
aug_v2a.09545,0,0,1,0
aug_v2a.21659,1,0,1,0
aug_v2a.19545,0,0,1,0
aug_v2a.23322,0,0,1,0
aug_v2a.17192,0,1,1,0
aug_v2a.19394,0,0,1,0
aug_v2a.10624,0,0,1,0
aug_v2a.20710,1,0,1,0
aug_v2a.10353,0,0,1,0
aug_v2a.00883,1,0,1,0
aug_v2a.16234,1,1,1,0
aug_v2a.01682,1,0,1,0
aug_v2a.16004,1,0,1,0
aug_v2a.04153,1,0,1,0
aug_v2a.21572,0,0,1,0
aug_v2a.18503,0,0,1,0
aug_v2a.17403,0,0,1,0
aug_v2a.05652,0,0,1,0
aug_v2a.14510,0,0,1,0
aug_v2a.21257,1,0,1,0
aug_v2a.22786,0,1,1,0
aug_v2a.02226,1,0,1,0
aug_v2a.22291,0,0,1,0
aug_v2a.22701,0,0,1,0
aug_v2a.10784,1,0,1,0
aug_v2a.15812,0,0,1,0
aug_v2a.21065,1,1,1,1
aug_v2a.14186,1,1,1,0
aug_v2a.15908,1,0,1,0
aug_v2a.01562,1,0,1,0
aug_v2a.18791,0,0,1,0
aug_v2a.05646,1,0,1,0
aug_v2a.19865,0,0,1,0
aug_v2a.18578,0,0,1,0
aug_v2a.02051,1,1,1,0
aug_v2a.22061,1,1,1,0
aug_v2a.13063,0,0,1,0
aug_v2a.06778,0,0,1,0
aug_v2a.09501,1,0,1,0
aug_v2a.15535,0,0,1,0
aug_v2a.23200,1,1,1,0
aug_v2a.08899,0,0,1,0
aug_v2a.03838,1,0,1,0
aug_v2a.15662,1,0,1,0
aug_v2a.11774,0,0,1,0
aug_v2a.20835,0,0,1,0
aug_v2a.20446,0,0,1,0
aug_v2a.22104,0,0,1,0
aug_v2a.20823,1,0,1,0
aug_v2a.11643,0,0,1,0
aug_v2a.15389,0,1,1,0
aug_v2a.05400,0,0,1,0
aug_v2a.04527,0,0,1,0
aug_v2a.16555,0,0,1,0
aug_v2a.10712,0,1,1,0
aug_v2a.14931,0,0,1,0
aug_v2a.13472,0,0,1,0
aug_v2a.02794,1,0,1,0
aug_v2a.04777,1,0,1,0
aug_v2a.16477,0,0,1,0
aug_v2a.20001,0,0,1,0
aug_v2a.20637,1,0,1,0
aug_v2a.13247,0,0,1,0
aug_v2a.09579,0,0,1,0
aug_v2a.20688,0,0,1,0
aug_v2a.05320,0,0,1,0
aug_v2a.15580,0,0,1,0
aug_v2a.18448,0,0,1,0
aug_v2a.14654,1,0,1,0
aug_v2a.08352,0,0,1,0
aug_v2a.08241,0,0,1,0
aug_v2a.15459,1,1,1,0
aug_v2a.07535,0,0,1,0
aug_v2a.12923,0,0,1,0
aug_v2a.11458,1,1,1,0
aug_v2a.07315,1,0,1,0
aug_v2a.19794,0,0,1,0
aug_v2a.08806,0,0,1,0
aug_v2a.03951,1,1,1,0
aug_v2a.18468,0,0,1,0
aug_v2a.01688,1,0,1,0
aug_v2a.20270,1,0,1,0
aug_v2a.20737,0,0,1,0
aug_v2a.13223,1,0,1,0
aug_v2a.10463,0,0,1,0
aug_v2a.12346,0,0,1,0
aug_v2a.00357,0,0,1,0
aug_v2a.15536,0,0,1,0
aug_v2a.04814,0,0,1,0
aug_v2a.14401,0,1,1,0
aug_v2a.00938,1,0,1,0
aug_v2a.24032,0,0,1,0
aug_v2a.24541,1,0,1,0
aug_v2a.00991,0,0,1,0
aug_v2a.10171,1,0,1,0
aug_v2a.18007,0,0,1,0
aug_v2a.08422,0,0,1,0
aug_v2a.07661,1,0,1,0
aug_v2a.08683,1,0,1,0
aug_v2a.23086,0,0,1,0
aug_v2a.23786,0,0,1,0
aug_v2a.06451,0,0,1,0
aug_v2a.04764,0,0,1,0
aug_v2a.07547,1,0,1,0
aug_v2a.07689,1,0,1,0
aug_v2a.21374,0,0,1,0
aug_v2a.10519,1,0,1,0
aug_v2a.04914,0,1,1,1
aug_v2a.23096,0,0,1,0
aug_v2a.18593,1,0,1,0
aug_v2a.00294,0,0,1,0
aug_v2a.13851,0,0,1,0
aug_v2a.07018,1,0,1,0
aug_v2a.12226,0,0,1,0
aug_v2a.24303,1,1,1,0
aug_v2a.00136,1,0,1,0
aug_v2a.24037,1,0,1,0
aug_v2a.19951,0,0,1,0
aug_v2a.18377,0,0,1,0
aug_v2a.02810,0,0,1,0
aug_v2a.04464,0,0,1,0
aug_v2a.22391,0,0,1,0
aug_v2a.22372,0,0,1,0
aug_v2a.00716,0,0,1,0
aug_v2a.17028,0,0,1,0
aug_v2a.16707,0,0,1,0
aug_v2a.22873,1,0,1,0
aug_v2a.18192,0,0,1,0
aug_v2a.20564,1,0,1,0
aug_v2a.03843,1,0,1,0
aug_v2a.08793,1,0,1,0
aug_v2a.15297,0,1,1,0
aug_v2a.17811,0,0,1,0
aug_v2a.05589,0,0,1,0
aug_v2a.12932,1,0,1,0
aug_v2a.02753,1,0,1,0
aug_v2a.10464,0,0,1,0
aug_v2a.07346,0,0,1,0
aug_v2a.15768,1,0,1,0
aug_v2a.20246,1,0,1,0
aug_v2a.07473,0,0,1,0
aug_v2a.03187,0,0,1,0
aug_v2a.19362,0,0,1,0
aug_v2a.03842,1,0,1,0
aug_v2a.12408,0,0,1,0
aug_v2a.24022,1,0,1,0
aug_v2a.02122,1,0,1,0
aug_v2a.11416,0,0,1,0
aug_v2a.00359,1,0,1,0
aug_v2a.21578,1,1,1,0
aug_v2a.01573,0,0,1,0
aug_v2a.00986,1,0,1,0
aug_v2a.24430,1,0,1,0
aug_v2a.07749,0,0,1,0
aug_v2a.15107,0,0,1,0
aug_v2a.00358,0,0,1,0
aug_v2a.06926,0,0,1,0
aug_v2a.00667,1,0,1,0
aug_v2a.02309,0,0,1,0
aug_v2a.16413,1,0,1,0
aug_v2a.03786,1,0,1,0
aug_v2a.15609,0,0,1,0
aug_v2a.03503,1,0,1,0
aug_v2a.04329,1,1,1,0
aug_v2a.01341,0,0,1,0
aug_v2a.04077,1,1,1,0
aug_v2a.10559,1,0,1,0
aug_v2a.17517,0,0,1,0
aug_v2a.22343,0,0,1,0
aug_v2a.03065,1,0,1,0
aug_v2a.06462,0,0,1,0
aug_v2a.20263,0,0,1,0
aug_v2a.04354,0,0,1,0
aug_v2a.11296,1,0,1,0
aug_v2a.20755,0,0,1,0
aug_v2a.12071,0,0,1,0
aug_v2a.12767,1,0,1,0
aug_v2a.03477,1,0,1,0
aug_v2a.12703,0,0,1,0
aug_v2a.01329,0,0,1,0
aug_v2a.16324,0,0,1,0
aug_v2a.19595,0,0,1,0
aug_v2a.02486,1,0,1,0
aug_v2a.03717,1,0,1,0
aug_v2a.22559,1,0,1,0
aug_v2a.04707,1,0,1,0
aug_v2a.15647,0,0,1,0
aug_v2a.00708,1,0,1,0
aug_v2a.05539,1,0,1,0
aug_v2a.03591,1,0,1,0
aug_v2a.13243,0,0,1,0
aug_v2a.11437,1,0,1,0
aug_v2a.05848,0,0,1,0
aug_v2a.24600,1,0,1,0
aug_v2a.01377,0,0,1,1
aug_v2a.09872,0,0,1,0
aug_v2a.15468,1,1,1,0
aug_v2a.06652,0,0,1,0
aug_v2a.11148,0,0,1,0
aug_v2a.08861,0,0,1,0
aug_v2a.16860,1,0,1,0
aug_v2a.08386,1,0,1,0
aug_v2a.05727,0,0,1,0
aug_v2a.01098,1,0,1,0
aug_v2a.21046,1,0,1,0
aug_v2a.20384,0,0,1,0
aug_v2a.07407,0,0,1,0
aug_v2a.04508,0,0,1,0
aug_v2a.18980,1,0,1,0
aug_v2a.05545,0,0,1,0
aug_v2a.06725,0,0,1,0
aug_v2a.00065,0,0,1,0
aug_v2a.24205,0,0,1,0
aug_v2a.07001,1,0,1,0
aug_v2a.11615,0,0,1,0
aug_v2a.03529,1,0,1,0
aug_v2a.12959,0,0,1,0
aug_v2a.02700,1,0,1,0
aug_v2a.12936,1,0,1,0
aug_v2a.16094,0,0,1,0
aug_v2a.01659,0,0,1,0
aug_v2a.15139,1,0,1,0
aug_v2a.18014,0,0,1,0
aug_v2a.05315,0,0,1,0
aug_v2a.02956,0,0,1,0
aug_v2a.17601,0,0,1,0
aug_v2a.17061,1,0,1,0
aug_v2a.20096,0,0,1,0
aug_v2a.01988,0,0,1,0
aug_v2a.17045,0,0,1,0
aug_v2a.06806,0,0,1,0
aug_v2a.04298,1,0,1,0
aug_v2a.03813,0,0,1,0
aug_v2a.22025,0,0,1,1
aug_v2a.16739,0,0,1,0
aug_v2a.02589,1,0,1,0
aug_v2a.01691,1,0,1,0
aug_v2a.21265,0,0,1,0
aug_v2a.14224,1,0,1,0
aug_v2a.00957,0,0,1,0
aug_v2a.04338,0,0,1,0
aug_v2a.21252,0,0,1,0
aug_v2a.16080,0,0,1,0
aug_v2a.23547,1,0,1,0
aug_v2a.21950,1,1,1,0
aug_v2a.20842,0,0,1,0
aug_v2a.19454,0,0,1,0
aug_v2a.17908,1,0,1,0
aug_v2a.07039,0,0,1,0
aug_v2a.22970,0,0,1,0
aug_v2a.22737,0,0,1,0
aug_v2a.10170,0,0,1,0
aug_v2a.13590,1,0,1,0
aug_v2a.02475,1,0,1,0
aug_v2a.24677,0,0,1,0
aug_v2a.20453,0,0,1,0
aug_v2a.17682,1,0,1,0
aug_v2a.04333,1,0,1,0
aug_v2a.03066,0,0,1,0
aug_v2a.04399,0,0,1,0
aug_v2a.22595,0,0,1,0
aug_v2a.00412,1,0,1,0
aug_v2a.08724,1,0,1,0
aug_v2a.12605,1,0,1,0
aug_v2a.07775,0,0,1,0
aug_v2a.04135,0,0,1,0
aug_v2a.19268,0,0,1,0
aug_v2a.24120,0,0,1,0
aug_v2a.07434,0,0,1,0
aug_v2a.20141,0,0,1,0
aug_v2a.16955,0,1,1,1
aug_v2a.00481,1,0,1,0
aug_v2a.09074,0,0,1,1
aug_v2a.14857,1,0,1,0
aug_v2a.19141,0,0,1,0
aug_v2a.01437,0,0,1,0
aug_v2a.10886,1,1,1,0
aug_v2a.00378,1,0,1,0
aug_v2a.20409,0,0,1,0
aug_v2a.06320,0,0,1,0
aug_v2a.12587,1,0,1,0
aug_v2a.22749,1,0,1,0
aug_v2a.20452,0,0,1,0
aug_v2a.00484,0,0,1,0
aug_v2a.15141,1,0,1,0
aug_v2a.11869,1,0,1,0
aug_v2a.05297,0,0,1,0
aug_v2a.14821,0,0,1,0
aug_v2a.02964,1,0,1,0
aug_v2a.04752,1,0,1,0
aug_v2a.00862,1,0,1,0
aug_v2a.13429,0,0,1,0
aug_v2a.17639,0,1,1,0
aug_v2a.05840,1,0,1,0
aug_v2a.15523,0,0,1,0
aug_v2a.19738,1,0,1,0
aug_v2a.24070,0,0,1,0
aug_v2a.19527,0,0,1,0
aug_v2a.20762,0,0,1,0
aug_v2a.02665,0,0,1,0
aug_v2a.11326,0,0,1,0
aug_v2a.20312,0,0,1,0
aug_v2a.15456,1,0,1,0
aug_v2a.05714,0,0,1,0
aug_v2a.15978,0,0,1,0
aug_v2a.22354,0,0,1,0
aug_v2a.23479,0,0,1,0
aug_v2a.15070,0,0,1,0
aug_v2a.03922,1,0,1,0
aug_v2a.21609,1,0,1,0
aug_v2a.03809,0,0,1,0
aug_v2a.19142,0,0,1,0
aug_v2a.17069,1,0,1,0
aug_v2a.07945,0,0,1,0
aug_v2a.12495,0,0,1,0
aug_v2a.15969,0,0,1,0
aug_v2a.21890,0,0,1,0
aug_v2a.06826,0,0,1,0
aug_v2a.16471,0,0,1,0
aug_v2a.04350,0,0,1,0
aug_v2a.00607,0,0,1,0
aug_v2a.16574,0,0,1,0
aug_v2a.22509,0,0,1,0
aug_v2a.00126,0,0,1,0
aug_v2a.03155,0,0,1,0
aug_v2a.20182,0,0,1,0
aug_v2a.05389,0,0,1,0
aug_v2a.20522,1,0,0,0
aug_v2a.02262,1,0,0,0
aug_v2a.07295,1,0,0,0
aug_v2a.23855,1,0,0,0
aug_v2a.04136,1,0,0,0
aug_v2a.20600,1,1,0,0
aug_v2a.07929,1,0,0,0
aug_v2a.00936,0,0,0,1
aug_v2a.07605,1,0,0,0
aug_v2a.15235,0,0,0,1
aug_v2a.06414,1,0,0,0
aug_v2a.24494,1,0,0,0
aug_v2a.13359,1,0,0,0
aug_v2a.13112,1,1,0,0
aug_v2a.14315,1,0,0,0
aug_v2a.14327,0,0,0,1
aug_v2a.01470,1,0,0,0
aug_v2a.24279,1,0,0,0
aug_v2a.17164,1,0,0,0
aug_v2a.03783,1,0,0,0
aug_v2a.13194,1,1,0,0
aug_v2a.17297,1,0,0,0
aug_v2a.01884,1,0,0,0
aug_v2a.23474,1,0,0,0
aug_v2a.22613,1,0,0,0
aug_v2a.23879,1,0,0,0
aug_v2a.09045,1,0,0,0
aug_v2a.23412,1,0,0,0
aug_v2a.04954,1,0,0,0
aug_v2a.18018,1,0,0,0
aug_v2a.21205,1,0,0,0
aug_v2a.04149,1,0,0,0
aug_v2a.12086,0,1,0,0
aug_v2a.03677,1,0,0,0
aug_v2a.09356,1,0,0,0
aug_v2a.08648,1,0,0,0
aug_v2a.15304,1,0,0,0
aug_v2a.11158,1,0,0,0
aug_v2a.08288,1,1,0,0
aug_v2a.23696,1,0,0,0
aug_v2a.00738,1,0,0,0
aug_v2a.07528,1,0,0,0
aug_v2a.14781,1,0,0,0
aug_v2a.00547,1,0,0,0
aug_v2a.19153,1,1,0,0
aug_v2a.18754,1,0,0,0
aug_v2a.12348,1,0,0,0
aug_v2a.06467,1,0,0,0
aug_v2a.08921,1,0,0,0
aug_v2a.15512,1,0,0,0
aug_v2a.14800,1,1,0,0
aug_v2a.10371,0,1,0,0
aug_v2a.21937,1,0,0,0
aug_v2a.14559,1,0,0,0
aug_v2a.13837,1,0,0,0
aug_v2a.05956,1,0,0,0
aug_v2a.14764,1,0,0,0
aug_v2a.03728,1,0,0,0
aug_v2a.18038,1,0,0,0
aug_v2a.06535,1,0,0,0
aug_v2a.09507,1,0,0,0
aug_v2a.22717,1,0,0,0
aug_v2a.14763,0,1,0,0
aug_v2a.13789,1,0,0,0
aug_v2a.14698,1,0,0,0
aug_v2a.14647,1,0,0,0
aug_v2a.10433,1,0,0,0
aug_v2a.16968,1,0,0,0
aug_v2a.06216,1,0,0,0
aug_v2a.16254,1,0,0,0
aug_v2a.23657,1,0,0,1
aug_v2a.03169,1,1,0,0
aug_v2a.00586,1,0,0,0
aug_v2a.00606,1,0,0,0
aug_v2a.09243,1,1,0,0
aug_v2a.01993,1,0,0,0
aug_v2a.14235,0,1,0,0
aug_v2a.00176,1,0,0,0
aug_v2a.22630,1,0,0,0
aug_v2a.10901,1,1,0,0
aug_v2a.12192,1,1,0,0
aug_v2a.18296,1,0,0,0
aug_v2a.02129,0,0,0,1
aug_v2a.00996,0,0,0,1
aug_v2a.06192,1,0,0,0
aug_v2a.15145,1,0,0,0
aug_v2a.07409,1,1,0,0
aug_v2a.04427,1,0,0,0
aug_v2a.04348,1,0,0,0
aug_v2a.05999,1,0,0,0
aug_v2a.05854,1,1,0,0
aug_v2a.00981,1,0,0,0
aug_v2a.16618,1,0,0,0
aug_v2a.00926,1,0,0,0
aug_v2a.20864,1,0,0,0
aug_v2a.19306,1,0,0,0
aug_v2a.01414,1,0,0,0
aug_v2a.21763,1,0,0,0
aug_v2a.05432,0,1,0,0
aug_v2a.22967,1,0,0,0
aug_v2a.15217,1,0,0,0
aug_v2a.12628,1,1,0,0
aug_v2a.14890,1,0,0,0
aug_v2a.17451,1,1,0,0
aug_v2a.00697,1,0,0,0
aug_v2a.10072,0,1,0,0
aug_v2a.11108,1,0,0,0
aug_v2a.21742,0,1,0,0
aug_v2a.20878,0,1,0,0
aug_v2a.11658,1,0,0,0
aug_v2a.08143,0,1,0,0
aug_v2a.22336,1,1,0,0
aug_v2a.09751,0,1,0,0
aug_v2a.23510,1,0,0,0
aug_v2a.05585,1,0,0,0
aug_v2a.20638,1,1,0,0
aug_v2a.06877,1,0,0,0
aug_v2a.07505,1,1,0,0
aug_v2a.14836,1,0,0,0
aug_v2a.08384,1,0,0,0
aug_v2a.01069,1,1,0,0
aug_v2a.02698,1,0,0,0
aug_v2a.20272,1,0,0,0
aug_v2a.07559,1,1,0,0
aug_v2a.24104,1,0,0,0
aug_v2a.16763,1,0,0,0
aug_v2a.10931,1,0,0,0
aug_v2a.07756,1,1,0,0
aug_v2a.11771,1,1,0,0
aug_v2a.01949,1,0,0,0
aug_v2a.24500,1,0,0,0
aug_v2a.01092,1,1,0,0
aug_v2a.02952,1,1,0,0
aug_v2a.00922,1,0,0,0
aug_v2a.15385,1,1,0,0
aug_v2a.14519,1,1,0,0
aug_v2a.24736,1,0,0,0
aug_v2a.17925,1,1,0,0
aug_v2a.01129,1,0,0,0
aug_v2a.17041,1,1,0,0
aug_v2a.10248,1,0,0,0
aug_v2a.19620,1,0,0,0
aug_v2a.19168,1,0,0,0
aug_v2a.00848,1,0,0,0
aug_v2a.21402,1,1,0,0
aug_v2a.18859,1,0,0,0
aug_v2a.17729,1,1,0,0
aug_v2a.17005,1,1,0,0
aug_v2a.13323,1,1,0,0
aug_v2a.04506,1,0,0,0
aug_v2a.09841,1,0,0,0
aug_v2a.14070,1,0,0,0
aug_v2a.06266,1,0,0,0
aug_v2a.13137,1,0,0,0
aug_v2a.03979,1,1,0,0
aug_v2a.15551,1,0,0,0
aug_v2a.04458,1,0,0,0
aug_v2a.13341,1,0,0,0
aug_v2a.07340,1,1,0,0
aug_v2a.01847,1,0,0,0
aug_v2a.07242,1,0,0,1
aug_v2a.04305,0,1,0,0
aug_v2a.06865,0,0,0,1
aug_v2a.12787,1,0,0,0
aug_v2a.16746,1,0,0,0
aug_v2a.17193,1,0,0,0
aug_v2a.13059,1,0,0,0
aug_v2a.14588,1,1,0,0
aug_v2a.12627,1,0,0,0
aug_v2a.03282,1,0,0,0
aug_v2a.08612,0,1,0,0
aug_v2a.19816,1,0,0,0
aug_v2a.17928,1,1,0,0
aug_v2a.23649,1,0,0,0
aug_v2a.20940,1,0,0,0
aug_v2a.09731,1,1,0,0
aug_v2a.21193,0,1,0,1
aug_v2a.23295,1,0,0,0
aug_v2a.15322,1,0,0,0
aug_v2a.09482,1,0,0,0
aug_v2a.23971,1,0,0,0
aug_v2a.14282,1,0,0,0
aug_v2a.24690,1,0,0,0
aug_v2a.04110,1,0,0,0
aug_v2a.04143,1,1,0,0
aug_v2a.24414,1,1,0,0
aug_v2a.13043,1,0,0,0
aug_v2a.03886,1,0,0,0
aug_v2a.05856,1,0,0,0
aug_v2a.11987,1,1,0,0
aug_v2a.10627,1,0,0,0
aug_v2a.16892,1,0,0,0
aug_v2a.11301,0,0,0,1
aug_v2a.18972,1,1,0,0
aug_v2a.04646,1,0,0,0
aug_v2a.08904,1,0,0,0
aug_v2a.14330,1,0,0,0
aug_v2a.20028,1,0,0,0
aug_v2a.04856,1,1,0,0
aug_v2a.06549,1,0,0,0
aug_v2a.21286,0,1,0,0
aug_v2a.22072,1,0,0,0
aug_v2a.13108,0,1,0,0
aug_v2a.14905,1,0,0,0
aug_v2a.07045,1,1,0,0
aug_v2a.16354,1,1,0,1
aug_v2a.02144,1,1,0,0
aug_v2a.23257,0,1,0,0
aug_v2a.12345,1,0,0,0
aug_v2a.05417,1,0,0,0
aug_v2a.21057,0,0,0,1
aug_v2a.08307,0,0,1,0
aug_v2a.19581,0,0,1,0
aug_v2a.21593,0,0,1,0
aug_v2a.00769,0,0,1,0
aug_v2a.02501,0,0,1,0
aug_v2a.01247,1,0,1,0
aug_v2a.00918,0,0,1,0
aug_v2a.08033,0,0,1,0
aug_v2a.05534,0,0,1,0
aug_v2a.17912,0,0,1,0
aug_v2a.01887,0,0,1,0
aug_v2a.11723,0,0,1,0
aug_v2a.03587,0,0,1,0
aug_v2a.02111,0,0,1,0
aug_v2a.02661,0,0,1,0
aug_v2a.14788,0,0,1,0
aug_v2a.19233,1,0,1,0
aug_v2a.23348,0,0,1,0
aug_v2a.03051,0,0,1,0
aug_v2a.17971,0,0,1,0
aug_v2a.07187,0,0,1,0
aug_v2a.03078,0,0,1,0
aug_v2a.06262,0,0,1,0
aug_v2a.07031,0,0,1,0
aug_v2a.10444,1,1,1,0
aug_v2a.06376,0,0,1,0
aug_v2a.15955,0,0,1,0
aug_v2a.08855,0,0,1,0
aug_v2a.18093,0,0,1,0
aug_v2a.18637,1,0,1,0
aug_v2a.00999,0,0,1,0
aug_v2a.09488,0,0,1,0
aug_v2a.08496,0,0,1,0
aug_v2a.21303,0,0,1,0
aug_v2a.17982,0,0,1,0
aug_v2a.14914,0,0,1,0
aug_v2a.10424,0,0,1,0
aug_v2a.03703,0,0,1,0
aug_v2a.02097,0,0,1,0
aug_v2a.01162,0,0,1,0
aug_v2a.02919,0,0,1,0
aug_v2a.05453,1,0,1,0
aug_v2a.02766,0,0,1,0
aug_v2a.04903,1,0,1,0
aug_v2a.00466,0,0,1,0
aug_v2a.18520,0,1,1,0
aug_v2a.09618,1,1,1,0
aug_v2a.11165,1,1,1,0
aug_v2a.00055,1,1,1,0
aug_v2a.18608,0,0,1,0
aug_v2a.23097,0,0,1,0
aug_v2a.18699,0,0,1,0
aug_v2a.21256,0,0,1,0
aug_v2a.21967,1,0,1,0
aug_v2a.21839,1,1,1,0
aug_v2a.04092,1,0,1,0
aug_v2a.05221,0,0,1,0
aug_v2a.24711,1,0,1,0
aug_v2a.10675,0,0,1,0
aug_v2a.05953,1,1,1,0
aug_v2a.02656,0,0,1,0
aug_v2a.04487,0,1,1,0
aug_v2a.01937,0,0,1,0
aug_v2a.04109,0,0,1,0
aug_v2a.18858,0,0,1,0
aug_v2a.19037,1,1,1,0
aug_v2a.00614,0,0,1,0
aug_v2a.10798,1,0,1,0
aug_v2a.07820,0,0,1,0
aug_v2a.02761,0,1,1,0
aug_v2a.16076,0,0,1,0
aug_v2a.24535,1,1,1,0
aug_v2a.10168,1,1,1,0
aug_v2a.02314,0,0,1,0
aug_v2a.00800,1,1,1,0
aug_v2a.02276,0,1,1,0
aug_v2a.00181,0,0,1,0
aug_v2a.17894,0,0,1,0
aug_v2a.11284,1,0,1,1
aug_v2a.10504,0,0,1,0
aug_v2a.05997,0,0,1,0
aug_v2a.22263,0,0,1,0
aug_v2a.20245,0,0,1,0
aug_v2a.01789,0,0,1,0
aug_v2a.03134,0,0,1,0
aug_v2a.11814,0,0,1,0
aug_v2a.05691,1,1,1,0
aug_v2a.20171,0,0,1,0
aug_v2a.03940,0,0,1,0
aug_v2a.01102,1,1,1,0
aug_v2a.12640,0,0,1,0
aug_v2a.08527,1,1,1,0
aug_v2a.03318,0,0,1,0
aug_v2a.01907,0,0,1,0
aug_v2a.11784,0,0,1,0
aug_v2a.20983,1,0,1,0
aug_v2a.00007,0,0,1,0
aug_v2a.21012,0,0,1,0
aug_v2a.05594,0,0,1,0
aug_v2a.02327,0,0,1,0
aug_v2a.04434,1,1,1,0
aug_v2a.20479,0,0,1,0
aug_v2a.18208,1,0,1,0
aug_v2a.21938,1,1,1,0
aug_v2a.14259,0,0,1,0
aug_v2a.02529,0,0,1,0
aug_v2a.05284,0,0,1,0
aug_v2a.04500,0,0,1,1
aug_v2a.03982,0,1,1,0
aug_v2a.08613,0,0,1,0
aug_v2a.14677,1,1,1,0
aug_v2a.18628,0,0,1,0
aug_v2a.08943,0,0,1,0
aug_v2a.21563,0,0,1,0
aug_v2a.01799,0,0,1,0
aug_v2a.10910,0,1,1,0
aug_v2a.19722,0,0,1,0
aug_v2a.14967,1,1,1,0
aug_v2a.17343,0,0,1,0
aug_v2a.05959,1,0,1,0
aug_v2a.10459,0,0,1,1
aug_v2a.24661,0,0,1,0
aug_v2a.06301,0,1,1,1
aug_v2a.07076,0,0,1,0
aug_v2a.22262,0,0,1,0
aug_v2a.18989,0,0,1,0
aug_v2a.12592,0,0,1,0
aug_v2a.15049,0,0,1,0
aug_v2a.08507,0,0,1,0
aug_v2a.08546,0,0,1,0
aug_v2a.18084,1,0,1,0
aug_v2a.07931,0,1,1,0
aug_v2a.16767,1,0,1,0
aug_v2a.15346,0,1,1,0
aug_v2a.08230,0,0,1,0
aug_v2a.23423,1,0,1,0
aug_v2a.08107,0,0,1,0
aug_v2a.09928,1,1,1,0
aug_v2a.13196,1,1,1,0
aug_v2a.12659,1,0,1,0
aug_v2a.05519,0,0,1,0
aug_v2a.18712,0,1,1,0
aug_v2a.20029,0,0,1,0
aug_v2a.03722,0,0,1,0
aug_v2a.15119,0,0,1,0
aug_v2a.08643,0,0,1,0
aug_v2a.14005,1,0,1,0
aug_v2a.21029,0,0,1,0
aug_v2a.15333,0,0,1,0
aug_v2a.12352,0,0,1,0
aug_v2a.19687,0,0,1,0
aug_v2a.00440,1,0,1,1
aug_v2a.11010,1,1,1,0
aug_v2a.22534,0,0,1,0
aug_v2a.05028,0,0,1,0
aug_v2a.13861,0,0,1,0
aug_v2a.01376,1,0,1,0
aug_v2a.09640,1,1,1,0
aug_v2a.16511,0,0,1,0
aug_v2a.08102,0,0,1,0
aug_v2a.19688,0,0,1,0
aug_v2a.22364,0,0,1,0
aug_v2a.24148,0,0,1,0
aug_v2a.05307,0,0,1,0
aug_v2a.15079,0,0,1,1
aug_v2a.14562,1,0,1,0
aug_v2a.04519,0,0,1,0
aug_v2a.07818,0,0,1,0
aug_v2a.13716,0,0,1,0
aug_v2a.02757,1,0,1,0
aug_v2a.01721,0,0,1,0
aug_v2a.24669,1,0,1,0
aug_v2a.04051,0,1,1,0
aug_v2a.02755,1,1,1,0
aug_v2a.06588,1,0,1,0
aug_v2a.17711,0,0,1,0
aug_v2a.15570,0,0,1,0
aug_v2a.16652,0,0,1,1
aug_v2a.18998,0,0,1,0
aug_v2a.03272,0,1,1,0
aug_v2a.23402,0,0,1,0
aug_v2a.23733,0,0,1,1
aug_v2a.22540,1,0,1,0
aug_v2a.21959,1,0,1,0
aug_v2a.23098,0,1,1,0
aug_v2a.20764,0,0,1,0
aug_v2a.01394,1,0,1,0
aug_v2a.05430,0,0,1,0
aug_v2a.19083,0,0,1,0
aug_v2a.05711,0,0,1,0
aug_v2a.06810,0,0,1,0
aug_v2a.10095,1,0,1,0
aug_v2a.23915,1,1,1,1
aug_v2a.08119,1,1,1,1
aug_v2a.16926,0,0,1,0
aug_v2a.12266,1,1,1,0
aug_v2a.06947,0,0,1,0
aug_v2a.16131,0,0,1,0
aug_v2a.11637,0,0,1,1
aug_v2a.21417,0,0,1,0
aug_v2a.05231,0,0,1,0
aug_v2a.14717,1,0,1,0
aug_v2a.04168,0,0,1,0
aug_v2a.18322,0,0,1,0
aug_v2a.10056,0,0,1,0
aug_v2a.01415,1,1,1,1
aug_v2a.07819,0,0,1,0
aug_v2a.16154,0,0,1,0
aug_v2a.01426,0,0,1,0
aug_v2a.11327,1,0,1,1
aug_v2a.19694,1,0,1,0
aug_v2a.00292,0,0,1,0
aug_v2a.11434,0,0,1,0
aug_v2a.12819,1,0,1,1
aug_v2a.11435,1,0,1,0
aug_v2a.24670,0,0,1,1
aug_v2a.21445,0,0,1,0
aug_v2a.15182,0,0,1,0
aug_v2a.01492,1,0,1,0
aug_v2a.00993,1,0,1,0
aug_v2a.24617,0,1,1,0
aug_v2a.15842,0,0,1,0
aug_v2a.12360,1,0,1,0
aug_v2a.06497,0,0,1,0
aug_v2a.04169,0,0,1,0
aug_v2a.07037,0,0,1,0
aug_v2a.12794,0,0,1,1
aug_v2a.21629,0,0,1,0
aug_v2a.11019,0,0,1,0
aug_v2a.14491,1,1,1,1
aug_v2a.13198,1,0,1,0
aug_v2a.06380,0,0,1,1
aug_v2a.16314,1,1,1,0
aug_v2a.16701,1,0,1,0
aug_v2a.07396,1,0,1,0
aug_v2a.03515,0,0,1,0
aug_v2a.05730,1,0,1,0
aug_v2a.04190,0,0,1,0
aug_v2a.14083,0,0,1,0
aug_v2a.23953,1,0,1,0
aug_v2a.15588,0,0,1,1
aug_v2a.13367,1,0,1,0
aug_v2a.12889,1,1,1,0
aug_v2a.16730,1,1,1,0
aug_v2a.06404,1,0,1,0
aug_v2a.07598,1,0,1,0
aug_v2a.06517,1,0,1,0
aug_v2a.15981,0,0,1,1
aug_v2a.14071,1,0,1,0
aug_v2a.02357,0,0,1,0
aug_v2a.23825,1,0,1,0
aug_v2a.11816,0,0,1,1
aug_v2a.19511,0,1,1,0
aug_v2a.07496,0,0,1,0
aug_v2a.07041,0,0,1,0
aug_v2a.11604,0,0,1,0
aug_v2a.13208,1,0,1,0
aug_v2a.23542,1,0,1,0
aug_v2a.22451,0,0,1,0
aug_v2a.06233,0,0,1,0
aug_v2a.04220,0,0,1,1
aug_v2a.06916,0,0,1,0
aug_v2a.13432,0,0,1,0
aug_v2a.05308,0,0,1,0
aug_v2a.14567,1,1,1,0
aug_v2a.13978,0,0,1,1
aug_v2a.08887,1,0,1,1
aug_v2a.12639,0,0,1,1
aug_v2a.06763,1,0,1,0
aug_v2a.18796,1,0,1,0
aug_v2a.20794,0,0,1,1
aug_v2a.04630,0,0,1,0
aug_v2a.18263,1,0,1,0
aug_v2a.16436,0,0,1,0
aug_v2a.15013,1,1,1,0
aug_v2a.07727,1,0,1,0
aug_v2a.17828,0,0,1,0
aug_v2a.08077,1,0,1,0
aug_v2a.18135,1,0,1,0
aug_v2a.10394,1,0,1,0
aug_v2a.14137,0,0,1,0
aug_v2a.06368,0,0,1,0
aug_v2a.01930,0,0,1,0
aug_v2a.10750,0,0,1,0
aug_v2a.02505,0,0,1,0
aug_v2a.13746,1,1,1,0
aug_v2a.05063,0,0,1,1
aug_v2a.24630,1,0,1,0
aug_v2a.20323,0,0,1,1
aug_v2a.10336,0,0,1,0
aug_v2a.08948,0,0,1,0
aug_v2a.06761,1,0,1,0
aug_v2a.14502,1,0,1,0
aug_v2a.14936,0,0,1,1
aug_v2a.05342,0,0,1,0
aug_v2a.22486,0,0,1,1
aug_v2a.11123,1,0,1,0
aug_v2a.03698,0,0,1,1
aug_v2a.03545,1,0,0,0
aug_v2a.01645,0,0,0,1
aug_v2a.22629,1,0,0,0
aug_v2a.12530,1,0,0,0
aug_v2a.20830,1,0,0,0
aug_v2a.04968,1,1,0,0
aug_v2a.14499,1,0,0,0
aug_v2a.17558,1,0,0,0
aug_v2a.05233,1,0,0,0
aug_v2a.00044,1,0,0,0
aug_v2a.22015,1,0,0,0
aug_v2a.12427,0,0,0,1
aug_v2a.18075,1,0,0,0
aug_v2a.21765,0,0,0,1
aug_v2a.10448,0,0,0,1
aug_v2a.19246,1,0,0,0
aug_v2a.15457,1,0,0,0
aug_v2a.23582,1,0,0,0
aug_v2a.16138,1,0,0,0
aug_v2a.16087,1,0,0,0
aug_v2a.12822,1,0,0,0
aug_v2a.01391,1,0,0,0
aug_v2a.23344,0,0,0,1
aug_v2a.05339,1,1,0,0
aug_v2a.23738,1,0,0,0
aug_v2a.02998,1,0,0,0
aug_v2a.15946,1,1,0,1
aug_v2a.17948,1,0,0,0
aug_v2a.10317,0,0,0,1
aug_v2a.08877,0,0,0,1
aug_v2a.04280,1,1,0,0
aug_v2a.20789,1,1,0,0
aug_v2a.00857,1,0,0,0
aug_v2a.03396,0,1,0,1
aug_v2a.06050,1,0,0,0
aug_v2a.10478,1,0,0,0
aug_v2a.10618,1,0,0,0
aug_v2a.11471,1,0,0,0
aug_v2a.12780,0,1,0,0
aug_v2a.14169,1,1,0,0
aug_v2a.15154,1,1,0,0
aug_v2a.15737,0,1,0,0
aug_v2a.17084,1,1,0,0
aug_v2a.18161,1,0,0,0
aug_v2a.19871,1,1,0,0
aug_v2a.20624,1,0,0,0
aug_v2a.20798,1,0,0,0
aug_v2a.22304,1,0,0,0
aug_v2a.23637,1,0,0,0
aug_v2a.24269,1,0,0,0
aug_v2a.15321,0,0,0,1
aug_v2a.11383,0,1,0,0
aug_v2a.00313,1,0,0,0
aug_v2a.03109,1,0,0,0
aug_v2a.07059,0,1,0,0
aug_v2a.13127,1,0,0,0
aug_v2a.16062,1,0,0,0
aug_v2a.08038,0,0,0,1
aug_v2a.20879,1,0,0,0
aug_v2a.23393,1,0,0,0
aug_v2a.20758,1,0,0,0
aug_v2a.06386,1,0,0,0
aug_v2a.05528,0,1,0,1
aug_v2a.14306,1,0,0,0
aug_v2a.17176,0,0,0,1
aug_v2a.03739,1,0,0,0
aug_v2a.01446,1,0,0,0
aug_v2a.05752,0,0,0,1
aug_v2a.11667,0,0,0,1
aug_v2a.11668,0,0,0,1
aug_v2a.16651,0,0,0,1
aug_v2a.20075,0,0,0,1
aug_v2a.23301,1,0,0,0
aug_v2a.22265,1,0,0,0
aug_v2a.08638,1,1,0,0
aug_v2a.01390,1,1,0,0
aug_v2a.05927,1,0,0,0
aug_v2a.17610,1,0,0,0
aug_v2a.17643,1,0,0,1
aug_v2a.21091,1,0,0,0
aug_v2a.03903,1,0,0,0
aug_v2a.06645,0,0,0,1
aug_v2a.13207,1,0,0,0
aug_v2a.14634,1,0,0,0
aug_v2a.23394,0,0,0,1
aug_v2a.23261,0,0,0,1
aug_v2a.19578,1,0,0,0
aug_v2a.24284,1,0,0,0
aug_v2a.08938,1,0,0,0
aug_v2a.22958,1,0,0,0
aug_v2a.03910,0,0,0,1
aug_v2a.07619,1,0,0,0
aug_v2a.00837,1,0,0,0
aug_v2a.04773,0,0,0,1
aug_v2a.15191,0,0,0,1
aug_v2a.24549,0,0,0,1
aug_v2a.13427,0,0,0,1
aug_v2a.17714,1,0,0,0
aug_v2a.21327,0,0,0,1
aug_v2a.23146,0,0,0,1
aug_v2a.10880,1,0,0,0
aug_v2a.04300,1,0,0,0
aug_v2a.18777,1,0,0,0
aug_v2a.17747,1,0,0,0
aug_v2a.15376,1,1,0,0
aug_v2a.09374,1,1,0,0
aug_v2a.11049,1,0,0,0
aug_v2a.05768,0,1,0,0
aug_v2a.22042,1,0,0,0
aug_v2a.19841,1,0,0,0
aug_v2a.12174,1,0,0,0
aug_v2a.09949,1,0,0,0
aug_v2a.21127,0,1,0,0
aug_v2a.18891,1,0,0,0
aug_v2a.01389,1,0,0,0
aug_v2a.15026,0,1,0,0
aug_v2a.12428,0,1,0,0
aug_v2a.21807,0,1,0,0
aug_v2a.24697,0,0,0,1
aug_v2a.19124,1,0,0,0
aug_v2a.20055,0,1,0,0
aug_v2a.03439,0,0,0,1
aug_v2a.18409,1,0,0,0
aug_v2a.22567,0,0,0,1
aug_v2a.22566,0,0,0,1
aug_v2a.00725,1,1,0,0
aug_v2a.16887,1,0,0,1
aug_v2a.17851,1,0,0,0
aug_v2a.12190,1,0,0,0
aug_v2a.07843,1,0,0,0
aug_v2a.13556,1,0,0,0
aug_v2a.14756,1,0,0,0
aug_v2a.07817,1,1,0,0
aug_v2a.05745,0,1,0,0
aug_v2a.13847,1,0,0,0
aug_v2a.13492,0,1,0,0
aug_v2a.09396,1,0,0,0
aug_v2a.13118,0,1,0,0
aug_v2a.16585,0,1,0,0
aug_v2a.19335,1,0,0,0
aug_v2a.00907,1,0,0,0
aug_v2a.00132,1,0,0,0
aug_v2a.02773,1,1,0,0
aug_v2a.10617,0,1,0,0
aug_v2a.16672,0,0,0,1
aug_v2a.18745,0,1,0,0
aug_v2a.16016,1,0,0,0
aug_v2a.22560,1,0,0,0
aug_v2a.16724,1,0,0,0
aug_v2a.01481,1,0,0,0
aug_v2a.14275,1,1,0,0
aug_v2a.14274,0,1,0,0
aug_v2a.13960,1,0,0,0
aug_v2a.01445,0,0,0,1
aug_v2a.18315,0,0,0,1
aug_v2a.11140,1,1,0,0
aug_v2a.11993,1,0,0,0
aug_v2a.04852,0,1,0,0
aug_v2a.21541,0,1,0,0
aug_v2a.20470,1,1,0,0
aug_v2a.24106,1,1,0,0
aug_v2a.06030,1,0,0,0
aug_v2a.24014,1,0,0,0
aug_v2a.14767,1,0,0,0
aug_v2a.15919,0,0,0,1
aug_v2a.00789,1,0,0,0
aug_v2a.19601,1,1,0,0
aug_v2a.01132,1,0,0,0
aug_v2a.17316,1,1,0,0
aug_v2a.04870,0,1,0,0
aug_v2a.04871,0,1,0,0
aug_v2a.22339,0,1,0,0
aug_v2a.22801,0,1,0,0
aug_v2a.12591,1,0,0,0
aug_v2a.21931,1,0,0,0
aug_v2a.11766,0,1,0,0
aug_v2a.22822,1,0,0,0
aug_v2a.16664,1,0,0,0
aug_v2a.06717,1,0,0,0
aug_v2a.05965,1,0,0,0
aug_v2a.14868,1,0,0,0
aug_v2a.01623,0,1,0,0
aug_v2a.05899,1,0,0,0
aug_v2a.01167,1,0,0,0
aug_v2a.15918,0,0,0,1
aug_v2a.20406,1,0,0,0
aug_v2a.20407,1,0,0,0
aug_v2a.16692,1,0,0,0
aug_v2a.03387,1,1,0,0
aug_v2a.13548,1,0,0,0
aug_v2a.21142,1,0,0,0
aug_v2a.02722,0,1,0,0
aug_v2a.10757,0,1,0,1
aug_v2a.18879,0,1,0,1
aug_v2a.05265,1,1,0,0
aug_v2a.06312,1,0,0,0
aug_v2a.20279,1,0,0,0
aug_v2a.00109,1,0,0,0
aug_v2a.19145,1,0,0,0
aug_v2a.03737,0,1,0,0
aug_v2a.02818,0,1,0,1
aug_v2a.04708,1,0,0,0
aug_v2a.05072,1,0,0,0
aug_v2a.05074,1,0,0,1
aug_v2a.12016,0,0,0,1
aug_v2a.24219,0,1,0,0
aug_v2a.03300,1,1,0,0
aug_v2a.23846,1,0,0,0
aug_v2a.02823,1,0,0,0
aug_v2a.19742,1,0,0,0
aug_v2a.07543,1,0,0,0
aug_v2a.05479,1,0,0,0
aug_v2a.14522,1,0,0,1
aug_v2a.08991,1,1,0,0
aug_v2a.05981,1,0,0,0
aug_v2a.22980,1,0,0,0
aug_v2a.23881,1,0,0,0
aug_v2a.14538,0,1,0,0
aug_v2a.02006,1,0,0,0
aug_v2a.09066,1,1,0,1
aug_v2a.21640,1,1,0,0
aug_v2a.12298,0,1,0,0
aug_v2a.24668,0,0,0,1
aug_v2a.16499,1,0,0,0
aug_v2a.08636,1,1,0,0
aug_v2a.10596,1,0,0,0
aug_v2a.18079,1,0,0,0
aug_v2a.00929,1,0,0,0
aug_v2a.13411,1,0,0,0
aug_v2a.17256,0,1,0,0
aug_v2a.17634,1,0,0,0
aug_v2a.20387,1,0,0,0
aug_v2a.24422,1,1,0,0
aug_v2a.03208,0,1,0,0
aug_v2a.16500,1,0,0,0
aug_v2a.07659,1,1,0,0
aug_v2a.20927,0,1,0,0
aug_v2a.02592,1,0,0,0
aug_v2a.22946,0,0,0,1
aug_v2a.13413,0,1,0,0
aug_v2a.13414,1,1,0,0
aug_v2a.23252,1,0,0,0
aug_v2a.01711,0,1,0,0
aug_v2a.01712,1,1,0,0
aug_v2a.12131,1,0,0,0
aug_v2a.09977,1,0,0,0
aug_v2a.13142,1,0,0,0
aug_v2a.19785,1,0,0,0
aug_v2a.21194,0,0,0,1
aug_v2a.01594,1,0,0,0
aug_v2a.05329,1,0,0,0
aug_v2a.20972,1,0,0,0
aug_v2a.20722,1,0,0,0
aug_v2a.10852,1,0,0,0
aug_v2a.19474,0,1,0,0
aug_v2a.07447,1,0,0,0
aug_v2a.04163,0,0,0,1
aug_v2a.19051,0,0,0,1
aug_v2a.20735,1,0,0,0
aug_v2a.13984,0,0,0,1
aug_v2a.20955,1,0,0,0
aug_v2a.19360,1,0,0,0
aug_v2a.21101,1,0,0,0
aug_v2a.16946,1,0,0,0
aug_v2a.13822,1,0,0,0
aug_v2a.11247,1,0,0,0
aug_v2a.06163,1,1,0,0
aug_v2a.09143,1,0,0,0
aug_v2a.19484,1,0,0,0
aug_v2a.11362,1,0,0,0
aug_v2a.19188,1,0,0,0
aug_v2a.06162,1,0,0,0
aug_v2a.11246,1,0,0,0
aug_v2a.06687,1,0,0,0
aug_v2a.17880,1,0,0,0
aug_v2a.00721,1,0,0,0
aug_v2a.15667,1,0,0,0
aug_v2a.04033,1,1,0,0
aug_v2a.07276,1,0,0,0
aug_v2a.20147,1,0,0,0
aug_v2a.07152,1,0,0,0
aug_v2a.06598,1,0,0,0
aug_v2a.11787,1,0,0,0
aug_v2a.14121,1,0,0,0
aug_v2a.08200,0,1,0,0
aug_v2a.06911,1,0,0,0
aug_v2a.00206,1,1,0,0
aug_v2a.18884,0,1,0,0
aug_v2a.23512,1,0,0,0
aug_v2a.23550,1,0,0,0
aug_v2a.24069,1,0,0,0
aug_v2a.07592,1,0,0,0
aug_v2a.05373,0,0,0,1
aug_v2a.14883,1,0,0,0
aug_v2a.22117,1,0,0,0
aug_v2a.05787,1,0,0,0
aug_v2a.13228,0,1,0,0
aug_v2a.17571,1,0,0,0
aug_v2a.14197,1,0,0,0
aug_v2a.05091,1,0,0,0
aug_v2a.07306,1,0,0,0
aug_v2a.22315,1,0,0,0
aug_v2a.15934,0,0,0,1
aug_v2a.07151,0,0,0,1
aug_v2a.07772,1,0,0,0
aug_v2a.20968,1,1,0,0
aug_v2a.03602,1,1,0,0
aug_v2a.13466,1,0,0,0
aug_v2a.19721,1,0,0,0
aug_v2a.24064,1,0,0,0
aug_v2a.19232,1,0,0,0
aug_v2a.09140,1,0,0,0
aug_v2a.19877,0,1,0,0
aug_v2a.11607,1,0,0,0
aug_v2a.19467,1,0,0,0
aug_v2a.20851,0,0,0,1
aug_v2a.17229,0,0,0,1
aug_v2a.18545,0,0,0,1
aug_v2a.05222,1,1,0,0
aug_v2a.11031,1,0,0,0
aug_v2a.11890,1,0,0,0
aug_v2a.21927,1,0,0,0
aug_v2a.02972,0,0,0,1
aug_v2a.24209,1,0,0,0
aug_v2a.04283,1,0,0,0
aug_v2a.12137,1,0,0,0
aug_v2a.01579,1,1,0,0
aug_v2a.09888,1,0,0,0
aug_v2a.20254,1,1,0,0
aug_v2a.20393,1,0,0,0
aug_v2a.04681,1,0,0,0
aug_v2a.19735,1,0,0,0
aug_v2a.13672,1,0,0,0
aug_v2a.16151,1,0,0,1
aug_v2a.10106,1,0,0,0
aug_v2a.11785,1,1,0,0
aug_v2a.21282,1,0,0,0
aug_v2a.04910,1,0,0,0
aug_v2a.23439,1,0,0,0
aug_v2a.06213,0,1,0,0
aug_v2a.10388,0,1,0,0
aug_v2a.24168,1,1,0,0
aug_v2a.19690,1,0,0,0
aug_v2a.11196,1,1,0,0
aug_v2a.16265,1,0,0,0
aug_v2a.09798,1,0,0,0
aug_v2a.04086,1,1,0,0
aug_v2a.06310,1,0,0,0
aug_v2a.09483,1,0,0,0
aug_v2a.11446,0,1,0,0
aug_v2a.17583,1,0,0,0
aug_v2a.04706,1,0,0,0
aug_v2a.10605,1,0,0,0
aug_v2a.01348,0,0,0,1
aug_v2a.23833,1,0,0,0
aug_v2a.07968,1,0,0,0
aug_v2a.10987,1,0,0,0
aug_v2a.04222,0,1,0,1
aug_v2a.02552,1,1,0,0
aug_v2a.03906,1,0,0,0
aug_v2a.18563,0,1,0,0
aug_v2a.11156,1,0,0,0
aug_v2a.13678,1,0,0,0
aug_v2a.13679,1,0,0,0
aug_v2a.15516,1,0,0,0
aug_v2a.08486,1,0,0,0
aug_v2a.18088,0,1,0,0
aug_v2a.20583,1,0,0,0
aug_v2a.15192,0,0,0,1
aug_v2a.17478,0,0,0,1
aug_v2a.21530,1,0,0,0
aug_v2a.14359,1,0,0,0
aug_v2a.00127,1,0,0,0
aug_v2a.15648,1,1,0,0
aug_v2a.19969,1,0,0,0
aug_v2a.00553,1,0,0,0
aug_v2a.07320,1,0,0,0
aug_v2a.10584,1,0,0,0
aug_v2a.20912,1,0,0,0
aug_v2a.17712,1,1,0,0
aug_v2a.10501,0,1,0,0
aug_v2a.01518,1,0,0,0
aug_v2a.19279,1,0,0,1
aug_v2a.01722,1,0,0,0
aug_v2a.09380,1,0,0,1
aug_v2a.17172,1,0,0,0
aug_v2a.01392,1,1,0,0
aug_v2a.23317,1,1,0,0
aug_v2a.21547,1,0,0,0
aug_v2a.20345,1,0,0,0
aug_v2a.04710,1,1,0,1
aug_v2a.14336,0,0,0,1
aug_v2a.00878,1,0,0,0
aug_v2a.18391,1,0,0,0
aug_v2a.01558,0,1,0,0
aug_v2a.15598,0,0,0,1
aug_v2a.15596,0,0,0,1
aug_v2a.00365,1,0,0,0
aug_v2a.03310,1,0,0,0
aug_v2a.09926,1,0,0,0
aug_v2a.13554,1,0,0,0
aug_v2a.02759,1,0,0,0
aug_v2a.06411,0,1,0,0
aug_v2a.19864,1,0,0,0
aug_v2a.07596,1,0,0,0
aug_v2a.10680,0,1,0,0
aug_v2a.21713,1,0,0,0
aug_v2a.18023,0,1,0,0
aug_v2a.16146,0,1,0,0
aug_v2a.23262,1,0,0,0
aug_v2a.02429,0,0,0,1
aug_v2a.03342,0,0,0,1
aug_v2a.23094,0,0,0,1
aug_v2a.07882,1,0,0,0
aug_v2a.12809,1,0,0,0
aug_v2a.12328,1,0,0,0
aug_v2a.09927,1,0,0,0
aug_v2a.02496,1,0,0,0
aug_v2a.11335,0,1,0,0
aug_v2a.16900,1,1,0,0
aug_v2a.11682,1,0,0,0
aug_v2a.16927,1,1,0,0
aug_v2a.10948,0,0,0,1
aug_v2a.14894,0,0,0,1
aug_v2a.02096,1,0,0,0
aug_v2a.06293,1,1,0,0
aug_v2a.11744,1,0,0,0
aug_v2a.22473,0,1,0,0
aug_v2a.20776,1,0,0,0
aug_v2a.02713,1,1,0,0
aug_v2a.01427,0,1,0,0
aug_v2a.17464,0,1,0,1
aug_v2a.19542,0,1,0,0
aug_v2a.01838,0,1,0,0
aug_v2a.01839,0,1,0,0
aug_v2a.16802,0,1,0,0
aug_v2a.01497,1,0,0,0
aug_v2a.05200,0,0,0,1
aug_v2a.19504,1,0,0,0
aug_v2a.06432,1,0,0,0
aug_v2a.22764,1,0,0,0
aug_v2a.03836,1,0,0,0
aug_v2a.23489,1,0,0,0
aug_v2a.05618,0,1,0,0
aug_v2a.15291,1,0,0,0
aug_v2a.01319,0,1,0,0
aug_v2a.03715,1,0,0,0
aug_v2a.14167,1,0,0,0
aug_v2a.13887,1,0,0,0
aug_v2a.23899,1,0,0,0
aug_v2a.02427,1,0,0,0
aug_v2a.17235,1,1,0,0
aug_v2a.07786,1,1,0,1
aug_v2a.01551,1,0,0,0
aug_v2a.02229,1,0,0,0
aug_v2a.15887,1,1,0,0
aug_v2a.02771,1,0,0,0
aug_v2a.24084,1,0,0,0
aug_v2a.01503,0,1,0,0
aug_v2a.18992,1,0,0,0
aug_v2a.12938,0,1,0,0
aug_v2a.21172,1,0,0,0
aug_v2a.08642,1,0,0,0
aug_v2a.12997,1,1,0,0
aug_v2a.15784,1,0,0,0
aug_v2a.09444,1,0,0,0
aug_v2a.12035,1,0,0,0
aug_v2a.17910,1,0,0,0
aug_v2a.12036,1,0,0,0
aug_v2a.22736,1,0,0,0
aug_v2a.08698,1,1,0,0
aug_v2a.04928,0,1,0,1
aug_v2a.08929,1,0,0,0
aug_v2a.00941,1,0,0,0
aug_v2a.15778,1,0,0,0
aug_v2a.09633,1,0,0,0
aug_v2a.09351,1,0,0,0
aug_v2a.20980,1,0,0,0
aug_v2a.13279,1,0,0,0
aug_v2a.00263,1,0,0,0
aug_v2a.21009,0,0,0,1
aug_v2a.04100,1,1,0,0
aug_v2a.16929,1,0,0,0
aug_v2a.05183,1,0,0,0
aug_v2a.09672,1,0,0,0
aug_v2a.12168,1,0,0,0
aug_v2a.15126,0,1,0,0
aug_v2a.14048,1,0,0,0
aug_v2a.19872,0,1,0,0
aug_v2a.22668,0,1,0,0
aug_v2a.23568,0,1,0,0
aug_v2a.10702,1,0,0,0
aug_v2a.11772,0,1,0,0
aug_v2a.12881,1,0,0,0
aug_v2a.16824,1,1,0,0
aug_v2a.21564,1,0,0,0
aug_v2a.20771,1,0,0,0
aug_v2a.06372,1,1,0,0
aug_v2a.03159,0,0,0,1
aug_v2a.08499,0,1,0,0
aug_v2a.14455,0,1,0,0
aug_v2a.24626,1,0,0,0
aug_v2a.05774,1,0,0,0
aug_v2a.02440,1,1,0,0
aug_v2a.12128,1,0,0,0
aug_v2a.06442,0,1,0,1
aug_v2a.15709,1,0,0,0
aug_v2a.18831,1,1,0,0
aug_v2a.17410,1,0,0,0
aug_v2a.16592,1,0,0,0
aug_v2a.01106,0,1,0,0
aug_v2a.19925,1,0,0,0
aug_v2a.11646,1,0,0,0
aug_v2a.08854,1,0,0,0
aug_v2a.09424,1,0,0,1
aug_v2a.15076,1,0,0,0
aug_v2a.15293,1,0,0,0
aug_v2a.21230,1,0,0,0
aug_v2a.15292,1,0,0,0
aug_v2a.14520,1,0,0,0
aug_v2a.12672,1,0,0,0
aug_v2a.06384,1,0,0,0
aug_v2a.18348,1,0,0,0
aug_v2a.06920,1,1,0,0
aug_v2a.04562,1,0,0,0
aug_v2a.17115,0,0,0,1
aug_v2a.07604,1,0,0,0
aug_v2a.04317,1,1,0,0
aug_v2a.16515,0,1,0,0
aug_v2a.21003,0,1,0,0
aug_v2a.18384,1,0,0,0
aug_v2a.10685,0,1,0,1
aug_v2a.02807,1,0,0,0
aug_v2a.10723,1,0,0,0
aug_v2a.04340,1,0,0,0
aug_v2a.17308,1,0,0,0
aug_v2a.06607,1,1,0,0
aug_v2a.20963,1,0,0,0
aug_v2a.21371,0,1,0,0
aug_v2a.01234,1,0,0,0
aug_v2a.13199,0,0,0,1
aug_v2a.08235,0,0,0,1
aug_v2a.00264,0,0,0,1
aug_v2a.01111,1,0,0,0
aug_v2a.16619,1,0,0,0
aug_v2a.14686,1,0,0,0
aug_v2a.05313,1,0,0,0
aug_v2a.16639,1,0,0,0
aug_v2a.20132,1,0,0,0
aug_v2a.21582,1,0,0,0
aug_v2a.14584,1,1,0,0
aug_v2a.19117,1,1,0,0
aug_v2a.23470,1,0,0,0
aug_v2a.10671,0,1,0,0
aug_v2a.17757,1,0,0,0
aug_v2a.13880,0,1,0,0
aug_v2a.03421,0,0,0,1
aug_v2a.11098,1,0,0,0
aug_v2a.02210,1,0,0,0
aug_v2a.22972,1,0,0,0
aug_v2a.10937,0,1,0,0
aug_v2a.11581,1,0,0,0
aug_v2a.16596,1,0,0,0
aug_v2a.20180,1,0,0,0
aug_v2a.02127,1,0,0,0
aug_v2a.15756,0,0,0,1
aug_v2a.17777,0,0,0,1
aug_v2a.17776,0,0,0,1
aug_v2a.15791,1,0,0,0
aug_v2a.01125,1,0,0,0
aug_v2a.01126,1,0,0,0
aug_v2a.21946,1,0,0,0
aug_v2a.21002,1,0,0,0
aug_v2a.14205,1,0,0,0
aug_v2a.19950,0,0,0,1
aug_v2a.23003,1,0,0,0
aug_v2a.10387,1,0,0,0
aug_v2a.12737,0,0,0,1
aug_v2a.13722,1,0,0,0
aug_v2a.09216,1,1,0,0
aug_v2a.03304,1,0,0,0
aug_v2a.01124,1,0,0,0
aug_v2a.19391,0,0,0,1
aug_v2a.10853,1,0,0,0
aug_v2a.02353,1,0,0,0
aug_v2a.00696,1,0,0,0
aug_v2a.04668,1,0,0,0
aug_v2a.20244,1,0,0,0
aug_v2a.22388,0,1,0,0
aug_v2a.18458,1,1,0,0
aug_v2a.16576,0,1,0,1
aug_v2a.14614,1,1,0,0
aug_v2a.09078,0,0,0,1
aug_v2a.00828,1,1,0,0
aug_v2a.06048,1,0,0,0
aug_v2a.21613,1,0,0,0
aug_v2a.13874,1,0,0,0
aug_v2a.10896,1,0,0,0
aug_v2a.05882,1,0,0,0
aug_v2a.03924,1,1,0,0
aug_v2a.24121,0,1,0,0
aug_v2a.19922,1,0,0,0
aug_v2a.14758,0,1,0,0
aug_v2a.22164,1,0,0,0
aug_v2a.04111,1,0,0,0
aug_v2a.20159,1,0,0,0
aug_v2a.18837,1,0,0,0
aug_v2a.19197,1,0,0,0
aug_v2a.04022,1,0,0,0
aug_v2a.18771,1,0,0,0
aug_v2a.15690,1,0,0,0
aug_v2a.14277,1,0,0,0
aug_v2a.04004,1,0,0,0
aug_v2a.08014,0,0,0,1
aug_v2a.12003,0,0,0,1
aug_v2a.11855,1,0,0,0
aug_v2a.03617,1,0,0,0
aug_v2a.16917,1,0,0,0
aug_v2a.11482,0,1,0,0
aug_v2a.03183,0,1,0,0
aug_v2a.07390,1,1,0,0
aug_v2a.22590,0,1,0,0
aug_v2a.16292,0,1,0,0
aug_v2a.01650,1,1,0,0
aug_v2a.21727,1,0,0,0
aug_v2a.13448,1,0,0,0
aug_v2a.15353,1,0,0,0
aug_v2a.10375,1,0,0,0
aug_v2a.09892,1,1,0,0
aug_v2a.20941,1,0,0,0
aug_v2a.20219,1,1,0,0
aug_v2a.20337,1,0,0,0
aug_v2a.16360,1,0,0,0
aug_v2a.22052,1,0,0,0
aug_v2a.12786,1,0,0,0
aug_v2a.05288,1,1,0,0
aug_v2a.03313,1,1,0,0
aug_v2a.11427,1,1,0,0
aug_v2a.03314,1,1,0,0
aug_v2a.16913,1,0,0,0
aug_v2a.14104,1,0,0,0
aug_v2a.04860,1,1,0,0
aug_v2a.08911,1,1,0,0
aug_v2a.01365,1,0,0,0
aug_v2a.10771,1,0,0,0
aug_v2a.09307,1,0,0,0
aug_v2a.09945,1,0,0,0
aug_v2a.24539,1,0,0,0
aug_v2a.06514,0,0,0,1
aug_v2a.00830,1,1,0,0
aug_v2a.01760,0,1,0,0
aug_v2a.19858,1,0,0,0
aug_v2a.24105,0,1,0,0
aug_v2a.18691,1,0,0,0
aug_v2a.04538,1,0,0,0
aug_v2a.21922,1,0,0,0
aug_v2a.20772,0,1,0,0
aug_v2a.24096,1,0,0,0
aug_v2a.00355,0,0,0,1
aug_v2a.23385,1,0,0,0
aug_v2a.05920,1,0,0,0
aug_v2a.14192,1,0,0,0
aug_v2a.11417,0,0,0,1
aug_v2a.13348,1,1,0,0
aug_v2a.08822,1,1,0,0
aug_v2a.08824,1,0,0,0
aug_v2a.22897,0,1,0,0
aug_v2a.07137,0,1,0,0
aug_v2a.11079,0,1,0,0
aug_v2a.19313,0,1,0,0
aug_v2a.11078,0,1,0,0
aug_v2a.07798,1,1,0,0
aug_v2a.19305,1,0,0,0
aug_v2a.08813,1,0,0,0
aug_v2a.07908,1,0,0,0
aug_v2a.18555,1,0,0,0
aug_v2a.18176,1,0,0,0
aug_v2a.15933,1,0,0,0
aug_v2a.00062,1,0,0,0
aug_v2a.18756,1,0,0,0
aug_v2a.19772,1,0,0,0
aug_v2a.13799,1,1,0,0
aug_v2a.07488,1,0,0,0
aug_v2a.15626,1,0,0,0
aug_v2a.10679,1,1,0,0
aug_v2a.12952,1,1,0,0
aug_v2a.05023,1,0,0,0
aug_v2a.01787,1,1,0,1
aug_v2a.00092,1,0,0,0
aug_v2a.10547,1,0,0,0
aug_v2a.23579,1,0,0,0
aug_v2a.08988,1,0,0,0
aug_v2a.18277,1,0,0,0
aug_v2a.15853,1,0,0,0
aug_v2a.09909,1,0,0,0
aug_v2a.00297,1,1,0,0
aug_v2a.00298,0,1,0,0
aug_v2a.14153,1,0,0,0
aug_v2a.09417,1,0,0,0
aug_v2a.07764,1,0,0,1
aug_v2a.17696,0,0,0,1
aug_v2a.18581,1,0,0,0
aug_v2a.15748,1,1,0,0
aug_v2a.07487,0,1,0,1
aug_v2a.01529,1,0,0,0
aug_v2a.03828,1,0,0,0
aug_v2a.02849,1,0,0,0
aug_v2a.13605,1,1,0,0
aug_v2a.20036,1,0,0,1
aug_v2a.02727,0,0,0,1
aug_v2a.17023,0,1,0,0
aug_v2a.22472,1,0,0,0
aug_v2a.10925,1,0,0,0
aug_v2a.14164,1,1,0,0
aug_v2a.03392,0,1,0,0
aug_v2a.18105,1,1,0,0
aug_v2a.14072,1,0,0,0
aug_v2a.09563,1,0,0,0
aug_v2a.11341,1,0,0,0
aug_v2a.22236,1,0,0,0
aug_v2a.16557,1,0,0,0
aug_v2a.03605,1,0,0,0
aug_v2a.03829,1,0,0,0
aug_v2a.15968,1,0,0,0
aug_v2a.23650,1,1,0,0
aug_v2a.09270,1,0,0,0
aug_v2a.09454,1,0,0,0
aug_v2a.18513,1,0,0,0
aug_v2a.18988,1,0,0,0
aug_v2a.00435,1,0,0,1
aug_v2a.24546,1,1,0,0
aug_v2a.08061,1,0,0,0
aug_v2a.18019,1,0,0,0
aug_v2a.15240,1,0,0,0
aug_v2a.23871,1,0,0,0
aug_v2a.15963,1,0,0,0
aug_v2a.17693,1,0,0,0
aug_v2a.24596,1,0,0,0
aug_v2a.01807,1,0,0,0
aug_v2a.21167,1,0,0,0
aug_v2a.00377,0,1,0,0
aug_v2a.11094,1,0,0,0
aug_v2a.21841,1,0,0,0
aug_v2a.23976,1,0,0,0
aug_v2a.19025,1,0,0,0
aug_v2a.23763,1,0,0,1
aug_v2a.09341,1,0,0,0
aug_v2a.04593,1,0,0,0
aug_v2a.15925,0,1,0,0
aug_v2a.04320,0,1,0,0
aug_v2a.18574,1,0,0,0
aug_v2a.09934,1,0,0,0
aug_v2a.10735,1,0,0,0
aug_v2a.21688,1,0,0,0
aug_v2a.22999,1,0,0,0
aug_v2a.00147,1,0,0,0
aug_v2a.15057,1,0,0,1
aug_v2a.19137,0,1,0,0
aug_v2a.14641,1,0,0,0
aug_v2a.18799,1,0,0,0
aug_v2a.22314,1,0,0,0
aug_v2a.19280,0,0,0,1
aug_v2a.07484,1,0,0,0
aug_v2a.15341,1,0,0,0
aug_v2a.19576,1,1,0,0
aug_v2a.15967,1,0,0,0
aug_v2a.13831,1,0,0,0
aug_v2a.13586,1,0,0,0
aug_v2a.17447,1,0,0,0
aug_v2a.18278,0,1,0,0
aug_v2a.24485,1,0,0,0
aug_v2a.22622,1,0,0,0
aug_v2a.09912,1,0,0,0
aug_v2a.02073,1,1,0,0
aug_v2a.13486,1,0,0,0
aug_v2a.23518,1,1,0,0
aug_v2a.17415,1,0,0,0
aug_v2a.00902,1,1,0,0
aug_v2a.00904,0,0,0,1
aug_v2a.13914,1,0,0,0
aug_v2a.03061,1,0,0,0
aug_v2a.09190,1,1,0,0
aug_v2a.14154,1,0,0,0
aug_v2a.00635,1,0,0,0
aug_v2a.18445,0,1,0,0
aug_v2a.20336,1,0,0,0
aug_v2a.03480,1,0,0,0
aug_v2a.16768,1,0,0,0
aug_v2a.14174,1,0,0,0
aug_v2a.08152,1,0,0,0
aug_v2a.12312,0,1,0,0
aug_v2a.06671,1,0,0,0
aug_v2a.08866,1,0,0,0
aug_v2a.24057,0,1,0,0
aug_v2a.13812,1,0,0,0
aug_v2a.03221,1,0,0,1
aug_v2a.20027,1,0,0,0
aug_v2a.18446,1,0,0,0
aug_v2a.15745,1,0,0,0
aug_v2a.16789,0,0,0,1
aug_v2a.15445,1,0,0,0
aug_v2a.00911,1,0,0,0
aug_v2a.22689,1,1,0,0
aug_v2a.07231,1,0,0,0
aug_v2a.16088,1,0,0,0
aug_v2a.19535,0,1,0,0
aug_v2a.00706,1,0,0,0
aug_v2a.06146,1,1,0,1
aug_v2a.12835,1,1,0,0
aug_v2a.05156,0,1,0,0
aug_v2a.16924,0,1,0,1
aug_v2a.24190,0,1,0,1
aug_v2a.11629,1,0,0,0
aug_v2a.10017,1,0,0,0
aug_v2a.11034,1,0,0,0
aug_v2a.07427,1,0,0,0
aug_v2a.17011,1,0,0,0
aug_v2a.20718,1,0,0,0
aug_v2a.01957,1,1,0,0
aug_v2a.20360,1,0,0,0
aug_v2a.20361,1,0,0,0
aug_v2a.20362,1,0,0,0
aug_v2a.20364,1,0,0,0
aug_v2a.20365,1,0,0,0
aug_v2a.16723,1,0,0,0
aug_v2a.01340,1,0,0,0
aug_v2a.01435,0,0,0,1
aug_v2a.22903,1,0,0,0
aug_v2a.13321,1,0,0,0
aug_v2a.19466,1,0,0,0
aug_v2a.17226,1,0,0,0
aug_v2a.17559,1,0,0,0
aug_v2a.18302,1,0,0,0
aug_v2a.01526,1,0,0,0
aug_v2a.05493,1,0,0,0
aug_v2a.05685,1,0,0,0
aug_v2a.10545,1,0,0,0
aug_v2a.04426,1,0,0,0
aug_v2a.20961,1,0,0,1
aug_v2a.22908,1,0,0,0
aug_v2a.21989,1,0,0,0
aug_v2a.21404,1,0,0,0
aug_v2a.10632,0,1,0,0
aug_v2a.00821,1,1,0,1
aug_v2a.03517,1,0,0,0
aug_v2a.02205,1,0,0,0
aug_v2a.09918,1,0,0,0
aug_v2a.09990,1,1,0,0
aug_v2a.21330,1,0,0,0
aug_v2a.01401,1,0,0,0
aug_v2a.14953,1,0,0,0
aug_v2a.18966,0,1,0,1
aug_v2a.02765,1,0,0,1
aug_v2a.06543,1,0,0,0
aug_v2a.04897,1,0,0,0
aug_v2a.11245,0,1,0,0
aug_v2a.00702,0,1,0,1
aug_v2a.14162,0,1,0,1
aug_v2a.06568,1,0,0,0
aug_v2a.07229,1,0,0,0
aug_v2a.07184,0,1,0,0
aug_v2a.07455,0,1,0,0
aug_v2a.10311,1,0,0,0
aug_v2a.03233,1,0,0,0
aug_v2a.09800,1,0,0,0
aug_v2a.08509,1,0,0,0
aug_v2a.20549,1,0,0,0
aug_v2a.05526,1,0,0,0
aug_v2a.08652,1,0,0,0
aug_v2a.06495,0,1,0,0
aug_v2a.00571,1,0,0,0
aug_v2a.12308,0,1,0,0
aug_v2a.08476,1,1,0,0
aug_v2a.17461,1,0,0,0
aug_v2a.17334,1,0,0,0
aug_v2a.11767,1,0,0,0
aug_v2a.12101,1,0,0,0
aug_v2a.24452,1,1,0,0
aug_v2a.06839,1,0,0,0
aug_v2a.08059,1,0,0,0
aug_v2a.14495,1,0,0,0
aug_v2a.20815,1,1,0,0
aug_v2a.21993,0,1,0,0
aug_v2a.04256,1,0,0,0
aug_v2a.11452,0,1,0,0
aug_v2a.10247,1,0,0,0
aug_v2a.06719,1,1,0,0
aug_v2a.23095,1,0,0,0
aug_v2a.21289,0,0,0,1
aug_v2a.13264,0,0,0,1
aug_v2a.07632,0,0,0,1
aug_v2a.12520,0,1,0,0
aug_v2a.14168,1,0,0,0
aug_v2a.11820,0,0,0,1
aug_v2a.12144,0,0,0,1
aug_v2a.01692,1,0,0,0
aug_v2a.08727,1,1,0,0
aug_v2a.13126,0,1,0,0
aug_v2a.09097,1,0,0,0
aug_v2a.18945,1,0,0,0
aug_v2a.08857,1,0,0,0
aug_v2a.12032,1,1,0,0
aug_v2a.04724,1,0,0,0
aug_v2a.21748,1,0,0,0
aug_v2a.05962,1,0,0,0
aug_v2a.10411,0,1,0,0
aug_v2a.01176,0,0,0,1
aug_v2a.05505,0,0,0,1
aug_v2a.12228,0,1,0,0
aug_v2a.02618,0,1,0,0
aug_v2a.22137,1,1,0,1
aug_v2a.10577,1,0,0,0
aug_v2a.00806,1,0,0,0
aug_v2a.22268,1,0,0,0
aug_v2a.15985,1,0,0,0
aug_v2a.11989,1,0,0,0
aug_v2a.18195,0,0,0,1
aug_v2a.24367,1,0,0,0
aug_v2a.17845,1,0,0,0
aug_v2a.00391,1,0,0,0
aug_v2a.00392,1,0,0,0
aug_v2a.20375,1,0,0,0
aug_v2a.12992,1,1,0,0
aug_v2a.19061,1,0,0,0
aug_v2a.20292,1,1,0,0
aug_v2a.08967,1,1,0,0
aug_v2a.24607,1,0,0,0
aug_v2a.21732,1,0,0,0
aug_v2a.21071,1,0,0,0
aug_v2a.06026,1,0,0,0
aug_v2a.10101,1,0,0,0
aug_v2a.14523,1,0,0,0
aug_v2a.15233,0,0,0,1
aug_v2a.09005,0,0,0,1
aug_v2a.16830,1,0,0,0
aug_v2a.17709,0,0,0,1
aug_v2a.19294,1,0,0,0
aug_v2a.08924,1,0,0,0
aug_v2a.23068,1,0,0,0
aug_v2a.00701,1,0,0,1
aug_v2a.10241,1,0,0,0
aug_v2a.12380,1,0,0,0
aug_v2a.19635,1,0,0,0
aug_v2a.22267,1,1,0,0
aug_v2a.02307,1,0,0,0
aug_v2a.00452,1,0,0,0
aug_v2a.14360,0,1,0,1
aug_v2a.17584,0,1,0,1
aug_v2a.19611,0,1,0,0
aug_v2a.15638,1,0,0,0
aug_v2a.18636,1,0,0,0
aug_v2a.09405,0,0,0,1
aug_v2a.13731,1,0,0,0
aug_v2a.10065,0,1,0,1
aug_v2a.24195,1,0,0,0
aug_v2a.07985,0,1,0,1
aug_v2a.10636,1,0,0,0
aug_v2a.21131,1,0,0,0
aug_v2a.08388,0,1,0,0
aug_v2a.24311,0,1,0,0
aug_v2a.05070,1,0,0,0
aug_v2a.24348,0,1,0,0
aug_v2a.22328,1,0,0,0
aug_v2a.07874,1,0,0,0
aug_v2a.12808,1,0,0,0
aug_v2a.00778,1,0,0,0
aug_v2a.23285,1,0,0,0
aug_v2a.20199,1,0,0,0
aug_v2a.00274,1,0,0,0
aug_v2a.23748,1,0,0,0
aug_v2a.22260,0,1,0,0
aug_v2a.19997,1,0,0,0
aug_v2a.17022,1,0,0,0
aug_v2a.23219,1,0,0,0
aug_v2a.13583,1,1,0,0
aug_v2a.10098,0,0,0,1
aug_v2a.13597,1,0,0,0
aug_v2a.19790,1,0,0,0
aug_v2a.10867,1,0,0,0
aug_v2a.06302,0,1,0,0
aug_v2a.09583,1,0,0,0
aug_v2a.02639,0,1,0,0
aug_v2a.18564,0,1,0,0
aug_v2a.12081,1,0,0,0
aug_v2a.00106,0,1,0,0
aug_v2a.23048,1,0,0,0
aug_v2a.23863,1,1,0,0
aug_v2a.03006,0,1,0,0
aug_v2a.24723,0,0,0,1
aug_v2a.11997,1,0,0,0
aug_v2a.17210,1,1,0,0
aug_v2a.14739,0,1,0,0
aug_v2a.13055,1,0,0,0
aug_v2a.22799,0,1,0,0
aug_v2a.05195,1,0,0,0
aug_v2a.05678,1,0,0,0
aug_v2a.14970,1,0,0,0
aug_v2a.16362,0,1,0,1
aug_v2a.24276,1,0,0,0
aug_v2a.02763,1,0,0,0
aug_v2a.13890,0,1,0,0
aug_v2a.16377,0,1,0,0
aug_v2a.09591,1,0,0,0
aug_v2a.13900,1,0,0,0
aug_v2a.08128,1,1,0,0
aug_v2a.01217,1,1,0,0
aug_v2a.01117,1,0,0,0
aug_v2a.23768,1,0,0,0
aug_v2a.12551,1,0,0,0
aug_v2a.03215,1,0,0,0
aug_v2a.16862,1,0,0,0
aug_v2a.01572,1,0,0,0
aug_v2a.20756,0,1,0,0
aug_v2a.17095,1,0,0,0
aug_v2a.07947,1,0,0,0
aug_v2a.15050,1,0,0,0
aug_v2a.03075,0,0,0,1
aug_v2a.05719,0,1,0,0
aug_v2a.23577,0,1,0,0
aug_v2a.09282,1,0,0,0
aug_v2a.20766,1,0,0,0
aug_v2a.15704,1,1,0,0
aug_v2a.18550,1,0,0,0
aug_v2a.05377,1,0,0,0
aug_v2a.20299,1,0,0,0
aug_v2a.22368,1,1,0,1
aug_v2a.13286,0,1,0,0
aug_v2a.20138,1,0,0,0
aug_v2a.06355,0,0,0,1
aug_v2a.09388,1,0,0,0
aug_v2a.16962,1,0,0,0
aug_v2a.17118,0,0,0,1
aug_v2a.17119,0,0,0,1
aug_v2a.21573,1,0,0,0
aug_v2a.23797,0,0,0,1
aug_v2a.09093,0,0,0,1
aug_v2a.15098,0,0,0,1
aug_v2a.13256,0,1,0,0
aug_v2a.01178,1,1,0,0
aug_v2a.01783,1,1,0,1
aug_v2a.13172,0,1,0,0
aug_v2a.07933,1,0,0,0
aug_v2a.13403,1,0,0,0
aug_v2a.10714,1,1,0,0
aug_v2a.19759,1,1,0,0
aug_v2a.13212,0,1,0,1
aug_v2a.07991,0,0,0,1
aug_v2a.02406,1,0,0,0
aug_v2a.15559,0,0,0,1
aug_v2a.11542,1,0,0,0
aug_v2a.16914,1,0,0,0
aug_v2a.20834,1,0,0,0
aug_v2a.24025,1,0,0,0
aug_v2a.23884,1,0,0,0
aug_v2a.10049,1,0,0,0
aug_v2a.20860,1,0,0,0
aug_v2a.23795,1,0,0,0
aug_v2a.05918,1,0,0,0
aug_v2a.13929,0,0,0,1
aug_v2a.19226,0,0,0,1
aug_v2a.13697,1,0,0,0
aug_v2a.06918,1,0,0,0
aug_v2a.23214,0,1,0,1
aug_v2a.23355,1,0,0,0
aug_v2a.22241,0,0,0,1
aug_v2a.22242,0,0,0,1
aug_v2a.16606,1,0,0,0
aug_v2a.24207,1,0,0,0
aug_v2a.02995,1,0,0,0
aug_v2a.02599,1,0,0,0
aug_v2a.02770,1,0,0,0
aug_v2a.13944,1,0,0,0
aug_v2a.07930,1,0,0,0
aug_v2a.14392,1,0,0,0
aug_v2a.24062,0,0,0,1
aug_v2a.08259,0,0,0,1
aug_v2a.03999,1,0,0,0
aug_v2a.20353,1,0,0,0
aug_v2a.17123,1,0,0,0
aug_v2a.20556,1,0,0,0
aug_v2a.08379,0,0,0,1
aug_v2a.10700,0,1,0,1
aug_v2a.04150,1,0,0,0
aug_v2a.14110,1,0,0,0
aug_v2a.19713,1,0,0,0
aug_v2a.06599,1,0,0,0
aug_v2a.11368,0,1,0,0
aug_v2a.23250,0,1,0,0
aug_v2a.17293,1,0,0,0
aug_v2a.03382,0,0,0,1
aug_v2a.20051,1,0,0,0
aug_v2a.02148,1,0,0,0
aug_v2a.00311,1,1,0,1
aug_v2a.03702,1,0,0,0
aug_v2a.10510,1,0,0,0
aug_v2a.17231,1,0,0,0
aug_v2a.17629,1,0,0,0
aug_v2a.22665,1,0,0,0
aug_v2a.20676,1,0,0,0
aug_v2a.21315,1,1,0,0
aug_v2a.00453,1,0,0,0
aug_v2a.03365,1,0,0,1
aug_v2a.19566,1,0,0,0
aug_v2a.13621,1,0,0,0
aug_v2a.22017,1,0,0,0
aug_v2a.14582,0,0,0,1
aug_v2a.10645,1,0,0,0
aug_v2a.06283,0,1,0,0
aug_v2a.03228,0,0,0,1
aug_v2a.14100,0,1,0,0
aug_v2a.15259,0,1,0,0
aug_v2a.05436,1,1,0,0
aug_v2a.24180,1,0,0,0
aug_v2a.01856,1,0,0,0
aug_v2a.07074,1,0,0,0
aug_v2a.21310,1,0,0,0
aug_v2a.05611,1,0,0,0
aug_v2a.05531,1,0,0,0
aug_v2a.07512,1,0,0,0
aug_v2a.04154,1,0,0,0
aug_v2a.00407,0,0,0,1
aug_v2a.11355,0,0,0,1
aug_v2a.17426,0,0,0,1
aug_v2a.18226,0,0,0,1
aug_v2a.05187,1,0,0,0
aug_v2a.10747,0,0,0,1
aug_v2a.12973,1,0,0,0
aug_v2a.03086,1,0,0,0
aug_v2a.08198,1,1,0,0
aug_v2a.07666,1,0,0,0
aug_v2a.07669,0,0,0,1
aug_v2a.08409,0,0,0,1
aug_v2a.13645,1,0,0,0
aug_v2a.20671,1,0,0,1
aug_v2a.07665,0,0,0,1
aug_v2a.23130,0,0,0,1
aug_v2a.23294,1,0,0,0
aug_v2a.24098,1,1,0,0
aug_v2a.08734,0,1,0,0
aug_v2a.01012,1,1,0,0
aug_v2a.00142,0,1,0,0
aug_v2a.15702,0,1,0,1
aug_v2a.03588,1,1,0,0
aug_v2a.10277,1,0,0,0
aug_v2a.16891,1,0,0,0
aug_v2a.10279,1,0,0,0
aug_v2a.14828,1,0,0,0
aug_v2a.06980,0,1,0,0
aug_v2a.02128,1,0,0,0
aug_v2a.17947,1,0,0,0
aug_v2a.10157,1,1,0,0
aug_v2a.05178,1,0,0,0
aug_v2a.08028,1,0,0,0
aug_v2a.07696,1,0,0,0
aug_v2a.13071,0,0,0,1
aug_v2a.03919,0,1,0,0
aug_v2a.10764,0,1,0,0
aug_v2a.10942,0,1,0,0
aug_v2a.20814,0,1,0,0
aug_v2a.19807,1,0,0,0
aug_v2a.02395,1,1,0,0
aug_v2a.18905,0,0,0,1
aug_v2a.20649,0,0,0,1
aug_v2a.05706,1,0,0,0
aug_v2a.22618,1,0,0,0
aug_v2a.08272,0,1,0,0
aug_v2a.08280,1,0,0,0
aug_v2a.03683,0,1,0,1
aug_v2a.22537,1,0,0,0
aug_v2a.03710,0,1,0,0
aug_v2a.17036,1,0,0,0
aug_v2a.20167,1,1,0,0
aug_v2a.18542,0,1,0,1
aug_v2a.10489,1,0,0,1
aug_v2a.22249,0,1,0,0
aug_v2a.02615,1,0,0,0
aug_v2a.02616,1,0,0,0
aug_v2a.06458,1,0,0,1
aug_v2a.12127,1,0,0,0
aug_v2a.10003,1,0,0,0
aug_v2a.02836,1,0,0,0
aug_v2a.02835,1,0,0,0
aug_v2a.23610,1,0,0,0
aug_v2a.07215,1,0,0,0
aug_v2a.10950,1,0,0,0
aug_v2a.10005,1,0,0,0
aug_v2a.13992,1,0,0,0
aug_v2a.20475,1,0,0,0
aug_v2a.14128,1,0,0,0
aug_v2a.15357,1,0,0,0
aug_v2a.23481,1,0,0,1
aug_v2a.10004,1,0,0,0
aug_v2a.13316,1,0,0,0
aug_v2a.17481,1,0,0,1
aug_v2a.18437,1,0,0,0
aug_v2a.08080,1,0,0,0
aug_v2a.04537,1,0,0,1
aug_v2a.09815,1,0,0,0
aug_v2a.13313,1,0,0,0
aug_v2a.23368,1,0,0,0
aug_v2a.04481,1,0,0,0
aug_v2a.11781,1,0,0,0
aug_v2a.24589,1,0,0,0
aug_v2a.21615,1,0,0,0
aug_v2a.15795,0,0,0,1
aug_v2a.21070,0,0,0,1
aug_v2a.09739,1,0,0,0
aug_v2a.01147,1,0,0,0
aug_v2a.11740,1,0,0,1
aug_v2a.15324,0,1,0,0
aug_v2a.10377,1,0,0,0
aug_v2a.14671,0,0,0,1
aug_v2a.04031,1,0,0,0
aug_v2a.12728,1,0,0,0
aug_v2a.20328,1,0,0,0
aug_v2a.10736,1,0,0,0
aug_v2a.00612,1,0,0,0
aug_v2a.05142,1,0,0,0
aug_v2a.09708,1,0,0,0
aug_v2a.06896,0,1,0,0
aug_v2a.12994,1,0,0,0
aug_v2a.03436,1,0,0,0
aug_v2a.07916,1,0,0,0
aug_v2a.14131,0,0,0,1
aug_v2a.03632,1,0,0,0
aug_v2a.03763,0,1,0,0
aug_v2a.05292,1,0,0,0
aug_v2a.18480,1,0,0,0
aug_v2a.22121,1,0,0,0
aug_v2a.03765,0,0,0,1
aug_v2a.03087,1,0,0,0
aug_v2a.00812,1,1,0,0
aug_v2a.23845,1,0,0,0
aug_v2a.06144,1,0,0,0
aug_v2a.09779,1,0,0,0
aug_v2a.12483,1,0,0,0
aug_v2a.15463,1,0,0,1
aug_v2a.00266,1,0,0,0
aug_v2a.00471,1,1,0,0
aug_v2a.24322,1,0,0,0
aug_v2a.18779,0,0,0,1
aug_v2a.11072,0,1,0,1
aug_v2a.11071,0,1,0,0
aug_v2a.06141,1,0,0,0
aug_v2a.05657,1,0,0,0
aug_v2a.19180,0,1,0,0
aug_v2a.21816,1,0,0,0
aug_v2a.06781,1,1,0,0
aug_v2a.07862,0,1,0,0
aug_v2a.15326,1,0,0,0
aug_v2a.06617,1,0,0,1
aug_v2a.16532,1,0,0,0
aug_v2a.20187,0,0,0,1
aug_v2a.19049,1,0,0,0
aug_v2a.22772,1,1,0,0
aug_v2a.03416,0,1,0,0
aug_v2a.12052,1,1,0,0
aug_v2a.14166,1,0,0,0
aug_v2a.16699,1,0,0,0
aug_v2a.06078,1,0,0,0
aug_v2a.04623,1,0,0,0
aug_v2a.16001,1,0,0,0
aug_v2a.23006,1,0,0,0
aug_v2a.17482,1,0,0,0
aug_v2a.18411,1,0,0,0
aug_v2a.22466,1,0,0,0
aug_v2a.10238,1,0,0,0
aug_v2a.16155,1,0,0,0
aug_v2a.12324,1,0,0,0
aug_v2a.22921,1,0,0,0
aug_v2a.02076,1,0,0,0
aug_v2a.03978,1,0,0,0
aug_v2a.13659,1,0,0,0
aug_v2a.22586,1,0,0,0
aug_v2a.05314,0,0,0,1
aug_v2a.12576,1,0,0,1
aug_v2a.06663,1,0,0,0
aug_v2a.24381,0,0,0,1
aug_v2a.10259,0,0,0,1
aug_v2a.09188,0,1,0,0
aug_v2a.13785,0,0,0,1
aug_v2a.14025,1,0,0,0
aug_v2a.16765,1,0,0,0
aug_v2a.16685,1,0,0,0
aug_v2a.18707,0,1,0,1
aug_v2a.06211,0,0,0,1
aug_v2a.23033,0,1,0,0
aug_v2a.08564,1,0,0,1
aug_v2a.24187,1,0,0,1
aug_v2a.10021,1,0,0,0
aug_v2a.12347,1,0,0,0
aug_v2a.23012,1,0,0,0
aug_v2a.07793,1,0,0,0
aug_v2a.09503,1,0,0,0
aug_v2a.12850,1,0,0,0
aug_v2a.22746,1,0,0,0
aug_v2a.12851,1,0,0,0
aug_v2a.16340,1,0,0,0
aug_v2a.02085,0,1,0,1
aug_v2a.19760,0,1,0,0
aug_v2a.17423,0,0,0,1
aug_v2a.16737,1,1,0,0
aug_v2a.15992,0,1,0,0
aug_v2a.20729,0,1,0,0
aug_v2a.17360,0,0,0,1
aug_v2a.20129,0,1,0,1
aug_v2a.16851,1,0,0,0
aug_v2a.14454,1,0,0,0
aug_v2a.07128,1,0,0,0
aug_v2a.15287,1,0,0,0
aug_v2a.00177,1,0,0,0
aug_v2a.19156,1,0,0,0
aug_v2a.05552,0,1,0,1
aug_v2a.22893,1,1,0,0
aug_v2a.03824,1,0,0,0
aug_v2a.18866,0,1,0,0
aug_v2a.05520,0,1,0,0
aug_v2a.19182,0,1,0,0
aug_v2a.06154,1,0,0,0
aug_v2a.00655,1,0,0,0
aug_v2a.21453,0,1,0,0
aug_v2a.06627,0,1,0,0
aug_v2a.07107,0,1,0,0
aug_v2a.12194,0,1,0,0
aug_v2a.23718,0,1,0,1
aug_v2a.17548,1,1,0,0
aug_v2a.14387,0,1,0,0
aug_v2a.21728,1,1,0,0
aug_v2a.19896,1,0,0,0
aug_v2a.00613,1,0,0,0
aug_v2a.16480,1,0,0,0
aug_v2a.22371,1,0,0,0
aug_v2a.10881,1,0,0,0
aug_v2a.21552,1,0,0,0
aug_v2a.16098,1,0,0,0
aug_v2a.17678,1,1,0,0
aug_v2a.04919,1,0,0,0
aug_v2a.16097,1,0,0,0
aug_v2a.23692,1,0,0,0
aug_v2a.16378,0,1,0,1
aug_v2a.14416,1,0,0,0
aug_v2a.22527,1,0,0,0
aug_v2a.14765,1,0,0,0
aug_v2a.05818,1,1,0,1
aug_v2a.21210,1,0,0,0
aug_v2a.04152,1,0,0,0
aug_v2a.22288,1,1,0,0
aug_v2a.00108,1,0,0,0
aug_v2a.01786,1,1,0,0
aug_v2a.11509,0,0,0,1
aug_v2a.07002,1,0,0,0
aug_v2a.14033,0,0,0,1
aug_v2a.21857,1,0,0,0
aug_v2a.16628,0,0,0,1
aug_v2a.21441,1,0,0,0
aug_v2a.04951,1,0,0,0
aug_v2a.21671,1,0,0,0
aug_v2a.04696,1,0,0,0
aug_v2a.03851,1,0,0,0
aug_v2a.12559,1,0,0,0
aug_v2a.18744,1,1,0,0
aug_v2a.10486,1,1,0,0
aug_v2a.17412,1,0,0,0
aug_v2a.21013,1,0,0,0
aug_v2a.22126,1,0,0,0
aug_v2a.03399,1,0,0,0
aug_v2a.04937,1,0,0,0
aug_v2a.19845,1,0,0,0
aug_v2a.07270,0,0,0,1
aug_v2a.07271,1,0,0,1
aug_v2a.06242,1,0,0,0
aug_v2a.24277,1,1,0,1
aug_v2a.09123,1,1,0,1
aug_v2a.09650,1,0,0,0
aug_v2a.13068,1,0,0,0
aug_v2a.11409,0,1,0,1
aug_v2a.10385,1,0,0,0
aug_v2a.10386,1,0,0,0
aug_v2a.17278,1,0,0,0
aug_v2a.20720,1,0,0,0
aug_v2a.03511,1,0,0,0
aug_v2a.21850,1,0,0,0
aug_v2a.05402,1,0,0,0
aug_v2a.01841,1,0,0,0
aug_v2a.19062,1,0,0,0
aug_v2a.13463,1,0,0,0
aug_v2a.09450,0,1,0,0
aug_v2a.20192,0,1,0,0
aug_v2a.12616,1,0,0,0
aug_v2a.20148,1,0,0,0
aug_v2a.06594,1,0,0,0
aug_v2a.17916,1,0,0,0
aug_v2a.04589,1,0,0,0
aug_v2a.14798,1,0,0,0
aug_v2a.16807,0,1,0,0
aug_v2a.08915,1,0,0,0
aug_v2a.03523,1,0,0,0
aug_v2a.07425,1,0,0,0
aug_v2a.17534,1,0,0,0
aug_v2a.10887,1,0,0,0
aug_v2a.13258,1,0,0,0
aug_v2a.10528,0,1,0,0
aug_v2a.14617,0,1,0,0
aug_v2a.18569,1,0,0,0
aug_v2a.24249,1,0,0,0
aug_v2a.01897,1,0,0,0
aug_v2a.15940,1,1,0,0
aug_v2a.06698,1,1,0,0
aug_v2a.11314,1,0,0,0
aug_v2a.02223,1,0,0,0
aug_v2a.22780,1,0,0,0
aug_v2a.14833,1,0,0,1
aug_v2a.22484,1,0,0,0
aug_v2a.13665,0,1,0,0
aug_v2a.17434,0,1,0,0
aug_v2a.20593,0,1,0,0
aug_v2a.14286,0,1,0,0
aug_v2a.14403,0,1,0,0
aug_v2a.24514,0,1,0,0
aug_v2a.17459,0,1,0,0
aug_v2a.07965,1,0,0,0
aug_v2a.22930,1,0,0,0
aug_v2a.06545,1,0,0,0
aug_v2a.05987,1,0,0,0
aug_v2a.17701,1,0,0,0
aug_v2a.05421,1,0,0,0
aug_v2a.20354,1,0,0,0
aug_v2a.09263,1,1,0,0
aug_v2a.18485,1,0,0,0
aug_v2a.21720,1,0,0,0
aug_v2a.03706,1,1,0,0
aug_v2a.06766,0,1,0,0
aug_v2a.21348,1,0,0,0
aug_v2a.11516,0,1,0,0
aug_v2a.24189,1,0,0,0
aug_v2a.19158,1,0,0,0
aug_v2a.06367,1,1,0,0
aug_v2a.14468,1,0,0,0
aug_v2a.17238,1,0,0,1
aug_v2a.03929,1,0,0,0
aug_v2a.18860,1,0,0,0
aug_v2a.18179,0,1,0,0
aug_v2a.15425,1,0,0,0
aug_v2a.18059,1,1,0,0
aug_v2a.07316,1,0,0,0
aug_v2a.07493,0,1,0,0
aug_v2a.09759,1,0,0,0
aug_v2a.18853,1,1,0,1
aug_v2a.12531,1,1,0,1
aug_v2a.12624,1,1,0,0
aug_v2a.17878,1,0,0,0
aug_v2a.23783,1,1,0,1
aug_v2a.05365,0,0,0,1
aug_v2a.11923,1,0,0,0
aug_v2a.14216,1,0,0,0
aug_v2a.15306,1,0,0,0
aug_v2a.15900,1,0,0,1
aug_v2a.06772,0,0,0,1
aug_v2a.06012,1,0,0,0
aug_v2a.15658,1,0,0,0
aug_v2a.20669,1,0,0,0
aug_v2a.06010,1,0,0,0
aug_v2a.09609,1,0,0,0
aug_v2a.05415,0,1,0,0
aug_v2a.20313,0,0,0,1
aug_v2a.02619,0,0,0,1
aug_v2a.21516,1,0,0,0
aug_v2a.00465,0,1,0,0
aug_v2a.07183,0,1,0,1
aug_v2a.18341,0,0,0,1
aug_v2a.10779,1,0,0,0
aug_v2a.08521,1,0,0,0
aug_v2a.13531,0,1,0,0
aug_v2a.24310,1,0,0,0
aug_v2a.21031,1,0,0,0
aug_v2a.01638,1,0,0,0
aug_v2a.01746,1,0,0,0
aug_v2a.14568,1,1,0,0
aug_v2a.04816,1,0,0,0
aug_v2a.08706,1,0,0,0
aug_v2a.16466,1,0,0,0
aug_v2a.17120,1,1,0,0
aug_v2a.24208,1,1,0,0
aug_v2a.10091,1,0,0,0
aug_v2a.01769,0,0,0,1
aug_v2a.06710,0,1,0,0
aug_v2a.23353,0,1,0,0
aug_v2a.03704,1,0,0,0
aug_v2a.11178,1,0,0,0
aug_v2a.03753,0,0,0,1
aug_v2a.19929,0,0,0,1
aug_v2a.18768,1,0,0,0
aug_v2a.15549,0,1,0,0
aug_v2a.20517,1,0,0,0
aug_v2a.21234,1,0,0,0
aug_v2a.13869,1,1,0,0
aug_v2a.00824,1,0,0,0
aug_v2a.15460,1,0,0,0
aug_v2a.08575,1,0,0,0
aug_v2a.08577,0,0,0,1
aug_v2a.13867,1,0,0,0
aug_v2a.16670,0,0,0,1
aug_v2a.06787,1,0,0,0
aug_v2a.19458,1,0,0,0
aug_v2a.13290,1,0,0,0
aug_v2a.13445,0,1,0,0
aug_v2a.08406,1,0,0,0
aug_v2a.00270,1,0,0,0
aug_v2a.19035,1,1,0,0
aug_v2a.02317,1,0,0,0
aug_v2a.24211,1,0,0,0
aug_v2a.14998,1,0,0,0
aug_v2a.09540,1,1,0,0
aug_v2a.20857,1,0,0,0
aug_v2a.02287,1,0,0,0
aug_v2a.14066,1,1,0,0
aug_v2a.22162,1,1,0,0
aug_v2a.07055,1,1,0,0
aug_v2a.10996,0,0,0,1
aug_v2a.11153,0,0,0,1
aug_v2a.02274,1,0,0,0
aug_v2a.19537,1,0,0,0
aug_v2a.17649,1,0,0,0
aug_v2a.24420,1,1,0,0
aug_v2a.24566,1,0,0,0
aug_v2a.10758,1,0,0,0
aug_v2a.23438,1,0,0,0
aug_v2a.06827,1,0,0,0
aug_v2a.03708,1,0,0,0
aug_v2a.04517,1,0,0,0
aug_v2a.06802,1,1,0,1
aug_v2a.12274,1,0,0,0
aug_v2a.06765,1,0,0,0
aug_v2a.07781,0,0,0,1
aug_v2a.07084,0,1,0,0
aug_v2a.22373,1,0,0,0
aug_v2a.17196,1,0,0,0
aug_v2a.21668,1,1,0,0
aug_v2a.03064,0,1,0,1
aug_v2a.06972,0,1,0,0
aug_v2a.01054,0,1,0,1
aug_v2a.00314,1,1,0,0
aug_v2a.00398,0,1,0,0
aug_v2a.24172,0,0,0,1
aug_v2a.20146,0,1,0,0
aug_v2a.17618,0,1,0,0
aug_v2a.00505,1,0,0,0
aug_v2a.03414,1,0,0,0
aug_v2a.00281,0,0,0,1
aug_v2a.12295,1,0,0,0
aug_v2a.11511,1,0,0,0
aug_v2a.20275,1,1,0,0
aug_v2a.03035,0,1,0,0
aug_v2a.12220,1,0,0,0
aug_v2a.21625,0,0,0,1
aug_v2a.10460,1,1,0,0
aug_v2a.08308,1,0,0,0
aug_v2a.14711,1,0,0,0
aug_v2a.18683,1,0,0,0
aug_v2a.16677,1,0,0,0
aug_v2a.00967,1,0,0,0
aug_v2a.16508,1,1,0,0
aug_v2a.07724,1,1,0,0
aug_v2a.07408,1,0,0,0
aug_v2a.09794,1,0,0,0
aug_v2a.00924,1,0,0,0
aug_v2a.00744,0,0,0,1
aug_v2a.09805,1,0,0,0
aug_v2a.07000,1,0,0,0
aug_v2a.23749,1,0,0,0
aug_v2a.07675,0,1,0,0
aug_v2a.11593,1,1,0,0
aug_v2a.20419,0,0,0,1
aug_v2a.22277,1,1,0,0
aug_v2a.00207,1,0,0,0
aug_v2a.06465,1,0,0,0
aug_v2a.14735,1,0,0,0
aug_v2a.04457,1,0,0,0
aug_v2a.24724,1,0,0,0
aug_v2a.10947,1,0,0,0
aug_v2a.23779,1,0,0,0
aug_v2a.16142,1,1,0,0
aug_v2a.06690,1,0,0,0
aug_v2a.17055,1,0,0,0
aug_v2a.14243,1,1,0,0
aug_v2a.11915,0,0,0,1
aug_v2a.01772,0,0,0,1
aug_v2a.01775,1,1,0,0
aug_v2a.02053,0,0,0,1
aug_v2a.01379,1,1,0,0
aug_v2a.02338,1,1,0,0
aug_v2a.23279,1,0,0,0
aug_v2a.00329,0,0,0,1
aug_v2a.07527,1,0,0,0
aug_v2a.01882,1,0,0,0
aug_v2a.22502,1,0,0,0
aug_v2a.06590,1,0,0,0
aug_v2a.07381,1,0,0,0
aug_v2a.04120,1,0,0,0
aug_v2a.03018,1,0,0,0
aug_v2a.24431,1,1,0,0
aug_v2a.08196,1,1,0,0
aug_v2a.20003,1,1,0,0
aug_v2a.16308,1,1,0,0
aug_v2a.19259,1,0,0,0
aug_v2a.02822,1,0,0,0
aug_v2a.04037,1,0,0,0
aug_v2a.16621,1,0,0,0
aug_v2a.22243,1,0,0,0
aug_v2a.07739,1,0,0,0
aug_v2a.05457,1,0,0,0
aug_v2a.24397,1,1,0,0
aug_v2a.23278,0,1,0,0
aug_v2a.19150,1,0,0,0
aug_v2a.08130,1,0,0,0
aug_v2a.22581,1,0,0,0
aug_v2a.12546,0,0,0,1
aug_v2a.17494,1,0,0,0
aug_v2a.07738,1,0,0,0
aug_v2a.00874,1,1,0,0
aug_v2a.02512,1,1,0,0
aug_v2a.16588,1,1,0,1
aug_v2a.23435,1,1,0,1
aug_v2a.24562,1,1,0,0
aug_v2a.24595,1,1,0,0
aug_v2a.05579,0,1,0,0
aug_v2a.00713,1,0,0,0
aug_v2a.16646,1,1,0,0
aug_v2a.17854,1,1,0,0
aug_v2a.04407,0,0,0,1
aug_v2a.16026,1,0,0,1
aug_v2a.20280,1,0,0,0
aug_v2a.02878,1,0,0,0
aug_v2a.10641,1,0,0,0
aug_v2a.15482,1,0,0,0
aug_v2a.05357,0,1,0,0
aug_v2a.01229,1,0,0,0
aug_v2a.01396,0,1,0,0
aug_v2a.15285,1,0,0,0
aug_v2a.15409,1,0,0,0
aug_v2a.14683,1,0,0,0
aug_v2a.10133,0,1,0,0
aug_v2a.05140,0,1,0,0
aug_v2a.05139,1,0,0,0
aug_v2a.10975,1,0,0,0
aug_v2a.13911,1,0,0,0
aug_v2a.12541,1,0,0,0
aug_v2a.01651,1,1,0,0
aug_v2a.24426,1,1,0,0
aug_v2a.05859,0,1,0,0
aug_v2a.11909,0,1,0,0
aug_v2a.06415,1,1,0,0
aug_v2a.03669,0,1,0,0
aug_v2a.18334,0,1,0,0
aug_v2a.16463,1,1,0,0
aug_v2a.02152,1,0,0,0
aug_v2a.20957,1,0,0,0
aug_v2a.10751,1,0,0,0
aug_v2a.02048,1,0,0,0
aug_v2a.18232,1,0,0,0
aug_v2a.01506,0,0,0,1
aug_v2a.05668,1,1,0,1
aug_v2a.17421,1,0,0,0
aug_v2a.20034,1,1,0,0
aug_v2a.12349,1,0,0,0
aug_v2a.09149,1,0,0,0
aug_v2a.11764,1,0,0,0
aug_v2a.20301,0,1,0,0
aug_v2a.21998,0,1,0,0
aug_v2a.21523,1,1,0,0
aug_v2a.11163,1,0,0,0
aug_v2a.18463,0,0,0,1
aug_v2a.00961,0,1,0,0
aug_v2a.05175,0,1,0,0
aug_v2a.03220,0,0,0,1
aug_v2a.09103,1,0,0,0
aug_v2a.06254,1,0,0,0
aug_v2a.24305,1,0,0,0
aug_v2a.22209,1,1,0,0
aug_v2a.02352,1,0,0,0
aug_v2a.13632,1,0,0,0
aug_v2a.05223,1,0,0,0
aug_v2a.23085,1,0,0,0
aug_v2a.20259,1,1,0,0
aug_v2a.03173,0,1,0,0
aug_v2a.16247,1,1,0,0
aug_v2a.15012,0,0,0,1
aug_v2a.08805,0,0,0,1
aug_v2a.24012,1,0,0,0
aug_v2a.18078,1,0,0,0
aug_v2a.10994,1,1,0,0
aug_v2a.08664,1,0,0,0
aug_v2a.11588,1,0,0,0
aug_v2a.07392,1,0,0,0
aug_v2a.12466,1,1,0,0
aug_v2a.16676,1,0,0,0
aug_v2a.14516,1,0,0,0
aug_v2a.06025,1,0,0,0
aug_v2a.12874,0,1,0,0
aug_v2a.00674,1,0,0,0
aug_v2a.23673,1,0,0,0
aug_v2a.10366,1,0,0,0
aug_v2a.10281,1,0,0,0
aug_v2a.17552,1,0,0,0
aug_v2a.20018,1,0,0,0
aug_v2a.11792,1,0,0,0
aug_v2a.13272,1,0,0,0
aug_v2a.20555,1,0,0,0
aug_v2a.01951,1,0,0,0
aug_v2a.08237,1,0,0,0
aug_v2a.15301,0,0,0,1
aug_v2a.07472,1,0,0,0
aug_v2a.06056,1,0,0,0
aug_v2a.07506,1,0,0,0
aug_v2a.22940,1,0,0,0
aug_v2a.21086,0,1,0,0
aug_v2a.18730,0,1,0,0
aug_v2a.16638,1,0,0,0
aug_v2a.11825,1,0,0,0
aug_v2a.24076,1,0,0,0
aug_v2a.19500,1,0,0,0
aug_v2a.15893,1,1,0,0
aug_v2a.00317,1,0,0,0
aug_v2a.19092,0,0,0,1
aug_v2a.08917,0,1,0,0
aug_v2a.03489,0,1,0,1
aug_v2a.12093,1,1,0,0
aug_v2a.03490,1,0,0,0
aug_v2a.07529,1,1,0,0
aug_v2a.18873,0,1,0,0
aug_v2a.09068,1,0,0,0
aug_v2a.08301,1,0,0,0
aug_v2a.01819,1,0,0,0
aug_v2a.20880,1,0,0,0
aug_v2a.15412,1,0,0,0
aug_v2a.15410,1,0,0,0
aug_v2a.15103,1,0,0,0
aug_v2a.21170,1,0,0,0
aug_v2a.05797,1,1,0,0
aug_v2a.24354,1,0,0,0
aug_v2a.08252,0,0,0,1
aug_v2a.00047,1,0,0,0
aug_v2a.00046,1,0,0,0
aug_v2a.05282,1,1,0,0
aug_v2a.07477,0,1,0,1
aug_v2a.08581,1,0,0,0
aug_v2a.13943,1,0,0,0
aug_v2a.04074,1,1,0,0
aug_v2a.19729,1,0,0,0
aug_v2a.12684,0,0,0,1
aug_v2a.12685,0,0,0,1
aug_v2a.23984,1,0,0,0
aug_v2a.04713,1,0,0,0
aug_v2a.12683,0,0,0,1
aug_v2a.15684,0,0,0,1
aug_v2a.14558,1,0,0,0
aug_v2a.13317,0,1,0,0
aug_v2a.14554,1,0,0,0
aug_v2a.02172,1,1,0,0
aug_v2a.12807,1,0,0,0
aug_v2a.09996,1,0,0,0
aug_v2a.06524,1,0,0,0
aug_v2a.07469,1,0,0,0
aug_v2a.07949,1,0,0,0
aug_v2a.16428,1,0,0,0
aug_v2a.22987,1,0,0,0
aug_v2a.14350,1,0,0,0
aug_v2a.20497,0,0,0,1
aug_v2a.19206,1,0,0,0
aug_v2a.17044,0,0,0,1
aug_v2a.20514,1,0,0,0
aug_v2a.02946,1,0,0,0
aug_v2a.11411,1,0,0,0
aug_v2a.01297,0,1,0,1
aug_v2a.04861,1,0,0,0
aug_v2a.15316,1,0,0,0
aug_v2a.16229,1,0,0,0
aug_v2a.10149,0,0,0,1
aug_v2a.10850,0,1,0,0
aug_v2a.17137,1,0,0,0
aug_v2a.18221,0,0,0,1
aug_v2a.06066,0,1,0,0
aug_v2a.05739,1,0,0,0
aug_v2a.13030,1,0,0,0
aug_v2a.18861,1,0,0,0
aug_v2a.19512,0,0,0,1
aug_v2a.22150,0,1,0,0
aug_v2a.10011,1,0,0,0
aug_v2a.05842,1,0,0,0
aug_v2a.15938,1,1,0,0
aug_v2a.16916,1,0,0,0
aug_v2a.16975,1,0,0,0
aug_v2a.20144,1,0,0,0
aug_v2a.01961,1,0,0,0
aug_v2a.02595,1,0,0,0
aug_v2a.14652,1,0,0,0
aug_v2a.15530,1,0,0,0
aug_v2a.16423,1,1,0,0
aug_v2a.06932,1,0,0,0
aug_v2a.15789,1,1,0,0
aug_v2a.00439,0,1,0,0
aug_v2a.08558,1,0,0,0
aug_v2a.17114,1,0,0,0
aug_v2a.05404,1,0,0,0
aug_v2a.00414,1,0,0,0
aug_v2a.03607,1,0,0,0
aug_v2a.03770,1,0,0,0
aug_v2a.08267,0,1,0,0
aug_v2a.09470,1,0,0,0
aug_v2a.12214,1,0,0,0
aug_v2a.13080,1,0,0,0
aug_v2a.14064,0,0,0,1
aug_v2a.17785,1,0,0,0
aug_v2a.18265,1,0,0,0
aug_v2a.18800,1,0,0,0
aug_v2a.21394,1,0,0,0
aug_v2a.24639,1,0,0,0
aug_v2a.00308,1,1,0,0
aug_v2a.20918,1,0,0,0
aug_v2a.14451,1,0,0,0
aug_v2a.03327,1,1,0,0
aug_v2a.09831,0,0,0,1
aug_v2a.05262,0,1,0,0
aug_v2a.06529,0,1,0,0
aug_v2a.21991,1,0,0,0
aug_v2a.01508,1,1,0,0
aug_v2a.02777,0,1,0,0
aug_v2a.17900,1,0,0,0
aug_v2a.20156,0,1,0,1
aug_v2a.06842,0,1,0,0
aug_v2a.14388,0,0,0,1
aug_v2a.03959,0,1,0,0
aug_v2a.07010,1,1,0,0
aug_v2a.22960,1,0,0,0
aug_v2a.16417,1,0,0,0
aug_v2a.07451,1,0,0,0
aug_v2a.09194,1,0,0,0
aug_v2a.18783,1,0,0,0
aug_v2a.11949,0,0,0,1
aug_v2a.11950,1,0,0,0
aug_v2a.07932,1,0,0,0
aug_v2a.16458,1,0,0,0
aug_v2a.09290,0,1,0,0
aug_v2a.07760,1,0,0,0
aug_v2a.03806,1,0,0,0
aug_v2a.16425,1,1,0,0
aug_v2a.20007,1,0,0,0
aug_v2a.20680,1,0,0,0
aug_v2a.22819,0,0,0,1
aug_v2a.01099,1,1,0,0
aug_v2a.08007,1,1,0,0
aug_v2a.18314,1,0,0,0
aug_v2a.19779,1,0,0,0
aug_v2a.11481,1,0,0,0
aug_v2a.17257,1,1,0,0
aug_v2a.17258,1,0,0,0
aug_v2a.06362,1,0,0,0
aug_v2a.12924,0,0,0,1
aug_v2a.14076,1,0,0,0
aug_v2a.01021,1,0,0,0
aug_v2a.17617,1,0,0,0
aug_v2a.19751,1,0,0,0
aug_v2a.23477,1,0,0,0
aug_v2a.05290,1,1,0,0
aug_v2a.11162,0,1,0,0
aug_v2a.05460,1,1,0,0
aug_v2a.20581,1,0,0,0
aug_v2a.05269,1,1,0,0
aug_v2a.03660,1,0,0,0
aug_v2a.08364,1,0,0,0
aug_v2a.13219,0,1,0,0
aug_v2a.07758,1,0,0,0
aug_v2a.03880,1,0,0,0
aug_v2a.20258,1,0,0,0
aug_v2a.15939,1,0,0,0
aug_v2a.14759,0,1,0,0
aug_v2a.15548,0,1,0,0
aug_v2a.22235,1,1,0,0
aug_v2a.06105,1,0,0,0
aug_v2a.17048,0,0,0,1
aug_v2a.00776,1,1,0,1
aug_v2a.18655,1,0,0,0
aug_v2a.11468,1,0,0,0
aug_v2a.15366,1,1,0,0
aug_v2a.06403,1,0,0,0
aug_v2a.08711,1,0,0,0
aug_v2a.12331,1,0,0,0
aug_v2a.16783,0,1,0,0
aug_v2a.22377,1,0,0,0
aug_v2a.06178,0,1,0,0
aug_v2a.10573,0,1,0,0
aug_v2a.17972,1,1,0,0
aug_v2a.04291,1,0,0,0
aug_v2a.16562,1,0,0,0
aug_v2a.20239,1,0,0,0
aug_v2a.08653,1,1,0,0
aug_v2a.02098,0,0,0,1
aug_v2a.01002,1,0,0,0
aug_v2a.18982,1,1,0,1
aug_v2a.18983,1,1,0,0
aug_v2a.14466,1,0,0,0
aug_v2a.24321,1,1,0,0
aug_v2a.08291,1,1,0,0
aug_v2a.21060,0,0,0,1
aug_v2a.18810,1,0,0,0
aug_v2a.24300,1,1,0,0
aug_v2a.04906,1,0,0,0
aug_v2a.16047,1,0,0,0
aug_v2a.04994,1,0,0,0
aug_v2a.11130,1,0,0,0
aug_v2a.07753,1,0,0,0
aug_v2a.11737,1,0,0,0
aug_v2a.24496,1,0,0,0
aug_v2a.05088,1,1,0,0
aug_v2a.23310,1,1,0,0
aug_v2a.15998,1,0,0,0
aug_v2a.13772,1,0,0,0
aug_v2a.01136,1,0,0,0
aug_v2a.19948,1,0,0,0
aug_v2a.20321,1,1,0,0
aug_v2a.18987,1,0,0,0
aug_v2a.23420,0,1,0,0
aug_v2a.23475,0,0,0,1
aug_v2a.18162,1,0,0,0
aug_v2a.05835,0,1,0,1
aug_v2a.08110,1,0,0,0
aug_v2a.10341,0,0,0,1
aug_v2a.13436,1,0,0,0
aug_v2a.17382,1,0,0,0
aug_v2a.05499,1,0,0,0
aug_v2a.00970,1,0,0,0
aug_v2a.08893,1,0,0,0
aug_v2a.23467,1,0,0,0
aug_v2a.23931,1,0,0,0
aug_v2a.23932,1,0,0,0
aug_v2a.10553,1,0,0,0
aug_v2a.06595,1,0,0,0
aug_v2a.05970,1,0,0,0
aug_v2a.00770,1,0,0,0
aug_v2a.16492,1,0,0,0
aug_v2a.22507,1,0,0,0
aug_v2a.20381,1,0,0,0
aug_v2a.19756,0,1,0,0
aug_v2a.19840,1,0,0,0
aug_v2a.21026,1,1,0,0
aug_v2a.22261,1,0,0,0
aug_v2a.19786,1,0,0,0
aug_v2a.19388,1,0,0,0
aug_v2a.24129,1,0,0,0
aug_v2a.05810,0,1,0,0
aug_v2a.12895,0,1,0,0
aug_v2a.22396,0,0,0,1
aug_v2a.24128,1,1,0,0
aug_v2a.17568,1,1,0,0
aug_v2a.19157,1,1,0,0
aug_v2a.17300,0,1,0,0
aug_v2a.20883,0,0,0,1
aug_v2a.17577,0,1,0,1
aug_v2a.23264,0,1,0,1
aug_v2a.10634,1,1,0,0
aug_v2a.10291,0,0,0,1
aug_v2a.16237,1,0,0,0
aug_v2a.20240,1,0,0,0
aug_v2a.19151,1,1,0,0
aug_v2a.09214,1,0,0,0
aug_v2a.20728,0,1,0,0
aug_v2a.08424,1,0,0,0
aug_v2a.01314,0,1,0,0
aug_v2a.01315,1,0,0,0
aug_v2a.20573,1,0,0,0
aug_v2a.14872,1,0,0,0
aug_v2a.05309,1,0,0,0
aug_v2a.06268,1,0,0,0
aug_v2a.03525,1,0,0,0
aug_v2a.14291,1,0,0,0
aug_v2a.23892,1,0,0,0
aug_v2a.01982,1,0,0,0
aug_v2a.03998,1,0,0,0
aug_v2a.05512,1,0,0,0
aug_v2a.06090,0,1,0,0
aug_v2a.12804,0,1,0,0
aug_v2a.13488,1,0,0,0
aug_v2a.18426,1,0,0,0
aug_v2a.18996,0,1,0,0
aug_v2a.22997,0,1,0,0
aug_v2a.24653,1,0,0,0
aug_v2a.16918,0,1,0,0
aug_v2a.03902,1,0,0,0
aug_v2a.04539,1,0,0,0
aug_v2a.13383,1,1,0,0
aug_v2a.14827,1,0,0,0
aug_v2a.21268,1,0,0,0
aug_v2a.01596,0,1,0,0
aug_v2a.07987,1,1,0,0
aug_v2a.02457,1,0,0,0
aug_v2a.17537,1,0,0,0
aug_v2a.01984,1,0,0,0
aug_v2a.09209,1,0,0,0
aug_v2a.00745,0,0,0,1
aug_v2a.15601,0,1,0,1
aug_v2a.06813,1,0,0,0
aug_v2a.04599,1,0,0,0
aug_v2a.23131,1,0,0,0
aug_v2a.16059,1,0,0,0
aug_v2a.20485,1,0,0,0
aug_v2a.01146,1,1,0,0
aug_v2a.16164,1,0,0,0
aug_v2a.16189,1,1,0,1
aug_v2a.16940,1,0,0,0
aug_v2a.01810,1,0,0,0
aug_v2a.05573,0,1,0,0
aug_v2a.05574,1,1,0,0
aug_v2a.10622,0,0,0,1
aug_v2a.03493,1,0,0,0
aug_v2a.12488,0,0,0,1
aug_v2a.17838,0,0,0,1
aug_v2a.01855,1,0,0,0
aug_v2a.06912,1,0,0,0
aug_v2a.04284,1,0,0,0
aug_v2a.04285,1,0,0,0
aug_v2a.18140,0,0,0,1
aug_v2a.18778,0,0,0,1
aug_v2a.14378,1,0,0,0
aug_v2a.01886,0,0,0,1
aug_v2a.08913,1,0,0,1
aug_v2a.09429,1,0,0,0
aug_v2a.13224,1,1,0,1
aug_v2a.14766,0,0,0,1
aug_v2a.12718,1,0,0,0
aug_v2a.06182,1,0,0,0
aug_v2a.16187,1,0,0,0
aug_v2a.16267,1,1,0,0
aug_v2a.18493,0,1,0,1
aug_v2a.18494,0,1,0,0
aug_v2a.03793,1,0,0,0
aug_v2a.09880,0,1,0,0
aug_v2a.02508,1,0,0,0
aug_v2a.13415,1,0,0,0
aug_v2a.03798,1,0,0,0
aug_v2a.09974,1,0,0,0
aug_v2a.13714,1,0,0,0
aug_v2a.11414,1,1,0,1
aug_v2a.11415,1,0,0,0
aug_v2a.19324,1,0,0,0
aug_v2a.00866,1,0,0,0
aug_v2a.13693,1,1,0,1
aug_v2a.17425,0,0,0,1
aug_v2a.18097,1,1,0,0
aug_v2a.00035,1,0,0,0
aug_v2a.07415,0,0,0,1
aug_v2a.16051,0,1,0,1
aug_v2a.00891,0,1,0,1
aug_v2a.15020,0,0,0,1
aug_v2a.02683,1,1,0,0
aug_v2a.11528,0,1,0,1
aug_v2a.10330,1,0,0,0
aug_v2a.03654,1,0,0,0
aug_v2a.21658,1,0,0,0
aug_v2a.14402,0,1,0,0
aug_v2a.11752,0,1,0,0
aug_v2a.08860,1,1,0,0
aug_v2a.14195,0,0,0,1
aug_v2a.10498,1,0,0,0
aug_v2a.14610,1,1,0,0
aug_v2a.21505,0,1,0,0
aug_v2a.14222,1,0,0,0
aug_v2a.08781,1,0,0,0
aug_v2a.14480,1,0,0,1
aug_v2a.14481,1,0,0,0
aug_v2a.23418,1,0,0,0
aug_v2a.13269,1,1,0,0
aug_v2a.00085,1,0,0,0
aug_v2a.13409,1,0,0,1
aug_v2a.11281,0,1,0,1
aug_v2a.07597,1,0,0,0
aug_v2a.18632,0,1,0,0
aug_v2a.11176,1,0,0,0
aug_v2a.04164,1,0,0,0
aug_v2a.18587,1,0,0,0
aug_v2a.05324,1,0,0,0
aug_v2a.17220,1,0,0,0
aug_v2a.14875,0,1,0,1
aug_v2a.24403,1,0,0,0
aug_v2a.24742,1,0,0,0
aug_v2a.12956,1,0,0,0
aug_v2a.12084,0,1,0,0
aug_v2a.14006,0,1,0,0
aug_v2a.03498,0,1,0,0
aug_v2a.08155,0,1,0,0
aug_v2a.08934,0,1,0,0
aug_v2a.17843,0,1,0,0
aug_v2a.22953,0,1,0,0
aug_v2a.16393,0,1,0,0
aug_v2a.07901,1,1,0,0
aug_v2a.19414,1,0,0,0
aug_v2a.13347,0,1,0,0
aug_v2a.13419,1,0,0,0
aug_v2a.21941,0,1,0,0
aug_v2a.24163,1,1,0,0
aug_v2a.20310,0,1,0,0
aug_v2a.12768,1,1,0,0
aug_v2a.11248,1,0,0,0
aug_v2a.11635,0,1,0,0
aug_v2a.24222,0,1,0,0
aug_v2a.21008,1,0,0,0
aug_v2a.21243,1,0,0,0
aug_v2a.05491,1,0,0,0
aug_v2a.18883,1,0,0,0
aug_v2a.20411,1,0,0,0
aug_v2a.17020,1,0,0,0
aug_v2a.18295,1,0,0,0
aug_v2a.19686,1,0,0,0
aug_v2a.23253,1,0,0,0
aug_v2a.19859,0,1,0,0
aug_v2a.19863,1,0,0,0
aug_v2a.06696,0,0,0,1
aug_v2a.18813,1,0,0,0
aug_v2a.23776,1,0,0,0
aug_v2a.14228,1,0,0,0
aug_v2a.11419,0,1,0,0
aug_v2a.11704,1,1,0,0
aug_v2a.06238,1,0,0,0
aug_v2a.07432,1,0,0,0
aug_v2a.08189,0,1,0,0
aug_v2a.12110,1,1,0,0
aug_v2a.18614,1,0,0,0
aug_v2a.06308,1,0,0,0
aug_v2a.23007,1,0,0,0
aug_v2a.10148,1,0,0,0
aug_v2a.09379,1,1,0,0
aug_v2a.10916,1,0,0,0
aug_v2a.11449,1,0,0,0
aug_v2a.12741,1,0,0,0
aug_v2a.05312,0,1,0,0
aug_v2a.10927,1,0,0,0
aug_v2a.08346,1,0,0,0
aug_v2a.03854,0,1,0,0
aug_v2a.18909,0,1,0,0
aug_v2a.12026,1,1,0,1
aug_v2a.05975,0,1,0,0
aug_v2a.16612,1,0,0,0
aug_v2a.23306,1,0,0,0
aug_v2a.11456,1,0,0,0
aug_v2a.23726,1,0,0,0
aug_v2a.19683,1,0,0,0
aug_v2a.12080,1,0,0,0
aug_v2a.20566,0,1,0,0
aug_v2a.20897,0,1,0,0
aug_v2a.15993,1,0,0,1
aug_v2a.08294,0,1,0,0
aug_v2a.05298,1,1,0,0
aug_v2a.10607,1,0,0,0
aug_v2a.22225,1,0,0,0
aug_v2a.05372,1,1,0,0
aug_v2a.16690,1,0,0,0
aug_v2a.00104,1,0,0,0
aug_v2a.00105,1,0,0,0
aug_v2a.17442,1,1,0,0
aug_v2a.22830,1,0,0,0
aug_v2a.19652,1,0,0,0
aug_v2a.08205,1,0,0,0
aug_v2a.02756,1,0,0,0
aug_v2a.00781,1,1,0,0
aug_v2a.03191,1,0,0,0
aug_v2a.17431,1,0,0,0
aug_v2a.18044,1,0,0,0
aug_v2a.07350,1,0,0,0
aug_v2a.15329,1,0,0,0
aug_v2a.11757,1,0,0,0
aug_v2a.17380,1,0,0,0
aug_v2a.02591,1,0,0,0
aug_v2a.14176,1,0,0,0
aug_v2a.15480,1,0,0,0
aug_v2a.11758,1,0,0,1
aug_v2a.21647,1,0,0,0
aug_v2a.13104,0,0,0,1
aug_v2a.16231,1,0,0,0
aug_v2a.02271,1,0,0,0
aug_v2a.11817,1,1,0,1
aug_v2a.02555,1,0,0,0
aug_v2a.08622,1,0,0,0
aug_v2a.24508,1,0,0,0
aug_v2a.10893,0,1,0,1
aug_v2a.20557,1,0,0,0
aug_v2a.09085,1,0,0,0
aug_v2a.22783,1,0,0,0
aug_v2a.21339,1,0,0,0
aug_v2a.19982,1,0,0,0
aug_v2a.01537,0,1,0,1
aug_v2a.08217,1,0,0,0
aug_v2a.14805,1,0,0,0
aug_v2a.09490,1,0,0,0
aug_v2a.16614,1,0,0,0
aug_v2a.13910,1,0,0,0
aug_v2a.18560,0,0,0,1
aug_v2a.17888,1,0,0,0
aug_v2a.03600,1,0,0,0
aug_v2a.02131,0,1,0,0
aug_v2a.07681,1,0,0,1
aug_v2a.18323,1,0,0,1
aug_v2a.17204,1,0,0,0
aug_v2a.10302,1,0,0,0
aug_v2a.10436,0,0,0,1
aug_v2a.10437,1,0,0,0
aug_v2a.07004,1,0,0,0
aug_v2a.07064,1,0,0,0
aug_v2a.17663,0,1,0,0
aug_v2a.00559,1,0,0,0
aug_v2a.19621,0,0,0,1
aug_v2a.01541,1,0,0,0
aug_v2a.12370,1,0,0,0
aug_v2a.05316,1,0,0,0
aug_v2a.22535,1,0,0,0
aug_v2a.17836,1,1,0,0
aug_v2a.17441,1,0,0,0
aug_v2a.02504,1,0,0,0
aug_v2a.05939,1,0,0,0
aug_v2a.17581,1,0,0,0
aug_v2a.19671,1,0,0,0
aug_v2a.20459,1,0,0,0
aug_v2a.14710,1,0,0,0
aug_v2a.22030,0,0,0,1
aug_v2a.04743,1,0,0,0
aug_v2a.16778,1,0,0,0
aug_v2a.22028,1,0,0,0
aug_v2a.07534,1,1,0,0
aug_v2a.23377,0,0,0,1
aug_v2a.14585,1,0,0,1
aug_v2a.08360,1,0,0,0
aug_v2a.13530,1,0,0,0
aug_v2a.00983,0,0,0,1
aug_v2a.16899,1,0,0,0
aug_v2a.14904,1,0,0,0
aug_v2a.01368,1,0,0,0
aug_v2a.14264,1,0,0,0
aug_v2a.18736,1,0,0,0
aug_v2a.09700,1,1,0,0
aug_v2a.07314,1,0,0,0
aug_v2a.14951,1,0,0,0
aug_v2a.01278,1,0,0,0
aug_v2a.04545,1,0,0,0
aug_v2a.10075,0,1,0,0
aug_v2a.18218,0,1,0,0
aug_v2a.24467,1,0,0,0
aug_v2a.12657,1,0,0,0
aug_v2a.02880,1,0,0,0
aug_v2a.06409,1,0,0,0
aug_v2a.06140,1,0,0,0
aug_v2a.24526,1,0,0,0
aug_v2a.06881,0,0,0,1
aug_v2a.10449,0,1,0,0
aug_v2a.12436,1,1,0,0
aug_v2a.16259,1,0,0,1
aug_v2a.09924,0,0,0,1
aug_v2a.18556,0,0,0,1
aug_v2a.13760,0,0,0,1
aug_v2a.14762,0,1,0,1
aug_v2a.13250,1,0,0,1
aug_v2a.23831,0,0,0,1
aug_v2a.05777,1,1,0,0
aug_v2a.07144,1,0,0,1
aug_v2a.18965,1,0,0,1
aug_v2a.16092,1,0,0,1
aug_v2a.18103,0,0,0,1
aug_v2a.13357,0,0,0,1
aug_v2a.19588,0,0,0,1
aug_v2a.01733,1,1,0,0
aug_v2a.01640,1,1,0,0
aug_v2a.11871,1,1,0,0
aug_v2a.02077,1,1,0,0
aug_v2a.18385,1,1,0,0
aug_v2a.05405,0,1,0,0
aug_v2a.08020,0,1,0,0
aug_v2a.24701,1,1,0,0
aug_v2a.22694,0,1,0,0
aug_v2a.16969,1,1,0,0
aug_v2a.03688,1,1,0,0
aug_v2a.23013,0,1,0,0
aug_v2a.08127,0,1,0,0
aug_v2a.24561,0,1,0,0
aug_v2a.07072,1,1,0,0
aug_v2a.06612,0,1,0,0
aug_v2a.16766,1,1,0,0
aug_v2a.05744,0,1,0,0
aug_v2a.21930,0,1,0,0
aug_v2a.17722,1,0,0,0
aug_v2a.11412,1,0,0,0
aug_v2a.05776,1,0,0,0
aug_v2a.03070,1,0,0,0
aug_v2a.06913,1,0,0,0
aug_v2a.01768,0,0,0,1
aug_v2a.11340,1,0,0,0
aug_v2a.14002,1,1,0,0
aug_v2a.11120,1,1,0,0
aug_v2a.14957,0,1,0,0
aug_v2a.09276,0,1,0,0
aug_v2a.05347,0,1,0,0
aug_v2a.00782,1,1,0,0
aug_v2a.11653,1,1,0,0
aug_v2a.17614,0,1,0,0
aug_v2a.03151,1,1,0,0
aug_v2a.03127,0,1,0,0
aug_v2a.21393,1,1,0,0
aug_v2a.14370,0,1,0,0
aug_v2a.22860,0,1,0,0
aug_v2a.09001,1,0,0,0
aug_v2a.06038,1,0,0,0
aug_v2a.22693,1,0,0,0
aug_v2a.17519,1,0,0,0
aug_v2a.01557,1,0,0,0
aug_v2a.12561,1,0,0,0
aug_v2a.24159,1,0,0,0
aug_v2a.21976,1,0,0,0
aug_v2a.16000,1,0,0,0
aug_v2a.11621,1,0,0,0
aug_v2a.11843,1,0,0,0
aug_v2a.17503,1,0,0,0
aug_v2a.18060,1,0,0,0
aug_v2a.20803,1,0,0,0
aug_v2a.05530,1,0,0,0
aug_v2a.09786,1,0,0,0
aug_v2a.00517,1,0,0,0
aug_v2a.19331,1,0,0,0
aug_v2a.09554,1,0,0,0
aug_v2a.11051,1,0,0,0
aug_v2a.21616,1,0,0,0
aug_v2a.10296,1,0,0,0
aug_v2a.22541,1,0,0,0
aug_v2a.12746,1,0,0,0
aug_v2a.10381,1,0,0,0
aug_v2a.09161,1,0,0,0
aug_v2a.22578,1,0,0,0
aug_v2a.20590,1,0,0,0
aug_v2a.13156,1,0,0,0
aug_v2a.19288,1,0,0,0
aug_v2a.04459,1,0,0,0
aug_v2a.09557,1,0,0,0
aug_v2a.21920,1,0,0,0
aug_v2a.05601,1,0,0,0
aug_v2a.02918,1,0,0,0
aug_v2a.24732,1,0,0,0
aug_v2a.13114,1,0,0,0
aug_v2a.20489,1,0,0,0
aug_v2a.20876,1,0,0,0
aug_v2a.13353,1,0,0,0
aug_v2a.14653,1,0,0,0
aug_v2a.02054,1,0,0,0
aug_v2a.23573,1,0,0,0
aug_v2a.23473,1,0,0,0
aug_v2a.23469,1,0,0,0
aug_v2a.05006,1,0,0,0
aug_v2a.00144,1,0,0,0
aug_v2a.23314,1,0,0,0
aug_v2a.00641,1,0,0,0
aug_v2a.12735,1,0,0,0
aug_v2a.10788,1,0,0,0
aug_v2a.22650,1,0,0,0
aug_v2a.24264,1,0,0,0
aug_v2a.01898,1,0,0,0
aug_v2a.04836,1,0,0,0
aug_v2a.21099,1,0,0,0
aug_v2a.23041,1,0,0,0
aug_v2a.17483,1,0,0,0
aug_v2a.21817,1,0,0,0
aug_v2a.12868,1,0,0,0
aug_v2a.18338,1,0,0,0
aug_v2a.14748,1,0,0,0
aug_v2a.19747,1,0,0,0
aug_v2a.05325,1,0,0,0
aug_v2a.11830,1,0,0,0
aug_v2a.04857,1,0,0,0
aug_v2a.11926,1,0,0,0
aug_v2a.19090,1,0,0,0
aug_v2a.17677,1,0,0,0
aug_v2a.03603,1,0,0,0
aug_v2a.01311,1,0,0,0
aug_v2a.11867,1,0,0,0
aug_v2a.18141,1,0,0,0
aug_v2a.13770,1,0,0,0
aug_v2a.24223,1,0,0,0
aug_v2a.06852,1,0,0,0
aug_v2a.21168,1,0,0,0
aug_v2a.04667,1,0,0,0
aug_v2a.19465,1,0,0,0
aug_v2a.05746,0,0,0,1
aug_v2a.15330,1,1,0,1
aug_v2a.01203,0,0,0,1
aug_v2a.22557,1,0,0,1
aug_v2a.11720,0,0,0,1
aug_v2a.01767,1,1,0,1
aug_v2a.15983,0,0,0,1
aug_v2a.19597,0,0,0,1
aug_v2a.06613,0,0,0,1
aug_v2a.03381,0,0,0,1
aug_v2a.20285,0,0,0,1
aug_v2a.15599,0,0,0,1
aug_v2a.20374,0,0,0,1
aug_v2a.07633,0,0,0,1
aug_v2a.24509,0,1,0,0
aug_v2a.02696,1,1,0,0
aug_v2a.23551,1,1,0,0
aug_v2a.10023,1,1,0,0
aug_v2a.08416,1,1,0,0
aug_v2a.23491,1,1,0,0
aug_v2a.09177,0,1,0,0
aug_v2a.05289,1,1,0,0
aug_v2a.18995,0,1,0,0
aug_v2a.23082,1,1,0,0
aug_v2a.23834,1,1,0,0
aug_v2a.05827,0,1,0,0
aug_v2a.20276,1,1,0,0
aug_v2a.24449,1,1,0,0
aug_v2a.17033,0,1,0,0
aug_v2a.03361,0,1,0,0
aug_v2a.00113,0,1,0,0
aug_v2a.16056,1,1,0,0
aug_v2a.16424,1,0,0,0
aug_v2a.00496,1,0,0,0
aug_v2a.17546,1,0,0,0
aug_v2a.01598,1,1,0,0
aug_v2a.17366,0,1,0,0
aug_v2a.23780,1,1,0,0
aug_v2a.08637,1,1,0,0
aug_v2a.09462,1,1,0,0
aug_v2a.22508,0,1,0,0
aug_v2a.16632,1,1,0,0
aug_v2a.14465,1,1,0,0
aug_v2a.05064,0,1,0,0
aug_v2a.24532,0,1,0,0
aug_v2a.00860,1,1,0,0
aug_v2a.11124,0,1,0,0
aug_v2a.01449,1,0,0,0
aug_v2a.24455,1,0,0,0
aug_v2a.13278,1,0,0,0
aug_v2a.14812,1,0,0,0
aug_v2a.23056,1,0,0,0
aug_v2a.00665,1,0,0,0
aug_v2a.08671,1,0,0,0
aug_v2a.17314,1,0,0,0
aug_v2a.00031,1,0,0,0
aug_v2a.04243,1,0,0,0
aug_v2a.18890,1,0,0,0
aug_v2a.11279,1,0,0,0
aug_v2a.21585,1,0,0,0
aug_v2a.01323,1,0,0,0
aug_v2a.12453,1,0,0,0
aug_v2a.10434,1,0,0,0
aug_v2a.22379,1,0,0,0
aug_v2a.16107,1,0,0,0
aug_v2a.19780,1,0,0,0
aug_v2a.13192,1,0,0,0
aug_v2a.15763,1,0,0,0
aug_v2a.05508,1,0,0,0
aug_v2a.14771,1,0,0,0
aug_v2a.18120,1,0,0,0
aug_v2a.24404,1,0,0,0
aug_v2a.14816,1,0,0,0
aug_v2a.05224,1,0,0,0
aug_v2a.04779,1,0,0,0
aug_v2a.05167,1,0,0,0
aug_v2a.18210,1,0,0,0
aug_v2a.18562,1,0,0,0
aug_v2a.19107,1,0,0,0
aug_v2a.24306,1,0,0,0
aug_v2a.23513,1,0,0,0
aug_v2a.09184,1,0,0,0
aug_v2a.15436,1,0,0,0
aug_v2a.15738,1,0,0,0
aug_v2a.03834,1,0,0,0
aug_v2a.22945,1,0,0,0
aug_v2a.03242,1,0,0,0
aug_v2a.00753,1,0,0,0
